first_name,last_name,email,phone_number,company_name,website,linked_in_profile,location,status,category,current_sequence_number,title,title_for_emails,improved_title,simplified_company_name,simplified_company_name_proper,country,simplified_name,simplified_title,full_name,comment_on_content_piece
Erik,Romell,erik.romell@kronansapotek.se,--,Kronans Apotek,--,--,--,Completed,Wrong Person,Email 1,Chief Financial Officer,,,,,,,,,
Lars,Davidsson,lars.davidsson@fastighetsagarna.se,--,Fastighetsägarna Service,--,--,--,Completed,Wrong Person,Email 1,CFO,,,,,,,,,
Sofia,Karlsson,sofia.karlsson@qualisys.se,--,Qualisys,--,--,--,Completed,Wrong Person,Email 1,CFO,,,,,,,,,
Elin,Gustafsson,elin.gustafsson@apistraining.com,--,Apis Training,--,--,--,Completed,Wrong Person,Email 1,CFO,,,,,,,,,
Claes,Fagersten,claes.fagersten@bredband2.se,--,Bredband2,--,--,--,Completed,Wrong Person,Email 1,CFO,,,,,,,,,
Gabriella,Gronstrom,gabriella.gronstrom@letslearntoplay.com,--,Let's Learn to Play,--,--,--,Completed,Wrong Person,Email 1,Chief Financial Officer,,,,,,,,,
Nathalie,Palmaer,nathalie@member24.se,--,Member 24,--,--,--,Completed,Wrong Person,Email 1,CFO,,,,,,,,,
Christer,Nilsson,c.nilsson@caldic.se,--,Caldic,--,--,--,Completed,Wrong Person,Email 1,CFO,,,,,,,,,
Charlotte,Norden,charlotte.norden@cellbes.se,--,Cellbes AB,--,--,--,Completed,Wrong Person,Email 1,CEO,,,,,,,,,
Martin,Skoglund,martin.skoglund@atlasantibodies.com,--,Atlas Antibodies,--,--,--,Completed,Wrong Person,Email 1,Chief Financial Officer,,,,,,,,,
Linda,Jeppsson,linda.jeppsson@namndemansgarden.se,--,Nämndemansgården i Sverige AB,--,--,--,Completed,Wrong Person,Email 1,CFO,,,,,,,,,
Magnus,Larsson,mla@alca.se,--,Alcadon AB,http://www.alcadongroup.se,--,--,Completed,Wrong Person,Email 1,Chief Executive Officer,vd,,,,,,,,
Peter,Franks,peter.franks@infranode.se,--,Infranode,--,--,--,Completed,Wrong Person,Email 5,Interim Group CFO,,,,,,,,,
Martin,Sandstedt,martin.sandstedt@mpcc.se,--,Klara Consulting,--,--,--,Completed,Wrong Person,Email 2,Deputy Chief Executive Officer,,,,,,,,,
Niklas,Bergstrom,niklas.bergstrom@fyrenomsorg.se,--,Fyren Omsorg,--,--,--,Completed,Wrong Person,Email 4,CEO,,,,,,,,,
Istvan,Beres,istvan.beres@danads.com,--,DanAds,danads.com,--,--,Completed,Wrong Person,Email 2,Group CEO and Co-Founder,grundare,,,,,,,,
Marcus,Johansson,marcus.johansson@youty.com,--,"Youty Group - Nordicfeel, Blush & Eleven",--,--,--,Completed,Wrong Person,Email 5,COO/Executive VP,,,,,,,,,
Thomas,Kraft,thomas.kraft@difhockey.se,--,Djurgården Hockey,--,--,--,Completed,Wrong Person,Email 5,CEO,,,,,,,,,
Anders,Wall,anders@craftco.se,--,CraftCo. Sweden AB,--,--,--,Completed,Wrong Person,Email 5,CEO,,,,,,,,,
Oscar,Gillenius,oscar.gillenius@whitered.se,--,WhiteRed,http://www.whitered.se,--,--,Completed,Wrong Person,Email 4,Chief Executive Officer,vd,,,,,,,,
Niclas,Johansson,niclas@eletta.com,--,ELETTA FLOW AB,--,--,--,Completed,Wrong Person,Email 2,Chief Executive Officer,,,,,,,,,
Owen,Southgate,owen.southgate@nyfasweden.se,--,NYSA Sweden,--,--,--,Completed,Wrong Person,Email 1,Founder and CEO,,,,,,,,,
Fredrik,Eriksson,fredrik.eriksson@omnicommediagroup.com,--,Omnicom Media Group Sweden,--,--,--,Completed,Wrong Person,Email 2,Chief Executive Officer Sweden,,,,,,,,,
Alexandra,Berhe,alexandra@yelmprotection.com,--,Y/ELM+ Protection,--,--,--,Completed,Wrong Person,Email 2,Founder & CEO,,,,,,,,,
Richard,Skoglund,richard.skoglund@densiq.com,--,DENSIQ Group,--,--,--,Completed,Wrong Person,Email 1,Chief Financial Officer - DENSIQ Group,,,,,,,,,
Tomas,Rikse,tomas.rikse@klippan.se,--,Klippans kommun,--,--,--,Completed,Wrong Person,Email 1,Kommundirektör/CEO,,,,,,,,,
Carina,Plars,carina@norcospectra.com,--,Norcospectra Group,--,--,--,Completed,Wrong Person,Email 5,Group CFO / Group Business Controller,,,,,,,,,
Josefin,Strinnholm,josefin.strinnholm@miltton.com,--,Miltton Sweden,--,--,--,Completed,Wrong Person,Email 1,CEO Miltton Agency,,,,,,,,,
Cecilia,Alden,cecilia.alden@archus.se,--,Archus,--,--,--,Completed,Wrong Person,Email 1,CEO Archus Syd,,,,,,,,,
Anders,Gustafsson,anders.gustafsson@svevia.se,--,Svevia,--,--,--,Completed,Wrong Person,Email 5,President and CEO (VD och koncernchef),,,,,,,,,
Anders,Bengtsson,anders.bengtsson@everod-el.se,--,Everöds Elbyrå Enwell,--,--,--,Completed,Wrong Person,Email 5,CEO,,,,,,,,,
Hampus,Waldemarson,hampus.waldemarson@elastycloud.com,--,Elastycloud,--,--,--,Completed,Wrong Person,Email 1,CEO,,,,,,,,,
Estelle,Nordenfalk,estelle.nordenfalk@yogayama.se,--,Yogayama,--,--,--,Completed,Wrong Person,Email 2,CEO,,,,,,,,,
Jorgen,Soderstrom,jorgen.soderstrom@deltanordicgroup.se,--,DELTANORDIC SWEDEN AB,--,--,--,Completed,Wrong Person,Email 5,CEO,,,,,,,,,
Fredrik,Stromqvist,fredrik.stromqvist@forex.se,--,FOREX AB,--,--,--,Completed,Wrong Person,Email 1,Interim CFO,,,,,,,,,
David,Andersson,david@wisory.se,--,Wisory - Access to expertise,--,--,--,Completed,Wrong Person,Email 4,CFO / CPO,,,,,,,,,
Pontus,Werlinder,pontus.werlinder@telge.se,--,Telge Bostäder,--,--,--,Completed,Wrong Person,Email 1,"Chief Executive Officer Telge Bostäder, Deputy CEO",,,,,,,,,
Oskar,Hellstrom,oskar.hellstrom@granges.com,--,Gränges Group,--,--,--,Completed,Wrong Person,Email 4,Deputy CEO,,,,,,,,,
Sofia,Fogelfors,sofia.fogelfors@compricer.se,--,Compricer AB,--,--,--,Completed,Wrong Person,Email 4,CMO Compricer (Schibsted Personal Finance),,,,,,,,,
Anders,Taflin,anders.taflin@midroc.se,--,Granitor,--,--,--,Completed,Wrong Person,Email 2,"CEO & MD Rodoverken Group, part of Granitor",,,,,,,,,
Niclas,Palmstierna,niclas.palmstierna@oralcare.se,--,Oral Care AB,--,--,--,Completed,Wrong Person,Email 1,CEO,,,,,,,,,
Andreas,Enbom,andreas.enbom@hagenbom.se,--,Hagenbom,--,--,--,Completed,Wrong Person,Email 3,CEO,,,,,,,,,
Krim,Talia,krim.talia@mindler.se,--,Mindler,--,--,--,Completed,Wrong Person,Email 1,CEO,,,,,,,,,
Johan,Stalhammar,johan.stalhammar@hedinbil.se,--,Hedin Bil,--,--,--,Completed,Wrong Person,Email 2,Chief Executive Officer,,,,,,,,,
Ulf,Malmsten,ulf.malmsten@kobia.se,--,Kobia AB,--,--,--,Completed,Wrong Person,Email 4,CEO,,,,,,,,,
Fredrik,Gardefors,fredrik@esportal.com,--,Esportal Group,--,--,--,Completed,Wrong Person,Email 5,Group Chief Financial Officer,,ekonomichef,Esportal Group,Esportal Group,,,,,
Catherine,Harderup,catherine.harderup@groupm.com,--,GroupM Sverige,--,--,--,Completed,Wrong Person,Email 1,Interim CFO,,tf. ekonomichef,GroupM Sverige,Groupm Sverige,,,,,
Stefan,Mattsson,stefan.mattsson@squarepublishing.se,--,Square Publishing,--,--,--,Completed,Wrong Person,Email 1,CEO and Owner,,ägare,Square Publishing,Square Publishing,,,,,
Nawar,Toma,nawar.toma@bastadgruppen.com,--,--,--,--,--,Completed,Wrong Person,Email 1,,,,,,,,,,
Emma,Movitz,emma.movitz@fokusasset.dk,--,Fokus Asset Management,--,--,--,Completed,Wrong Person,Email 4,CFO @ Fokus Group,,ekonomichef,Fokus Asset Management,Fokus Asset Management,,,,,
Johan,Orrenius,j.orrenius@polyketting.nl,--,Polyketting B.V.,--,--,--,Completed,Wrong Person,Email 4,Interim Chief Executive Officer,,tfvd,Polyketting B.V.,Polyketting B.V.,,,,,
Jonas,Berling,jonas@rdata.se,--,rdata AB,http://www.rdata.se,--,--,Completed,Wrong Person,Email 2,CEO And Founder,grundare,grundare,rdata ,Rdata ,,,,,
Karin,Nyberg,karin.nyberg@xvii.se,--,Xvii,--,--,--,Completed,Wrong Person,Email 1,CEO & Founder,,grundare,Xvii,Xvii,,,,,
Joakim,Nydemark,joakim.nydemark@crunchfish.com,--,Crunchfish AB,http://www.crunchfish.com,--,--,Completed,Wrong Person,Email 4,COO and CEO of Crunchfish Gesture Interaction AB,vd,vd,Crunchfish ,Crunchfish ,,,,,
Per-Anders,Bardh,per-anders.bardh@scanmaskin.com,--,Scanmaskin Sweden AB,--,--,--,Completed,Wrong Person,Email 2,CEO,,vd,Scanmaskin Sweden ,Scanmaskin Sweden ,,,,,
Inger,Naslund,inger.naslund@fba.se,--,FBA (Folke Bernadotte Academy),--,--,--,Completed,Wrong Person,Email 1,Ekonomichef/CFO,,ekonomichef,FBA (Folke Bernadotte Academy),Fba (Folke Bernadotte Academy),,,,,
Klas,Anstrin,klas.anstrin@tidypay.com,--,Tidypay,--,--,--,Completed,Wrong Person,Email 4,Interim CFO,,tillförordnad ekonomichef,Tidypay,Tidypay,,,,,
Birgit,Zdraveski,birgit@birgitstadpartner.se,--,BIRGIT STÄDPARTNER AB,--,--,--,Completed,Wrong Person,Email 3,VD/Ceo,,VD,BIRGIT STÄDPARTNER ,Birgit Städpartner ,,,,,
Mats,Hybinette,mats.hybinette@fev.se,--,Falu Energi & Vatten,--,--,--,Completed,Wrong Person,Email 4,Deputy CEO/Vice VD,,vice VD,Falu Energi & Vatten,Falu Energi & Vatten,,,,,
Milena,Torciano,milena.torciano@mitigram.com,--,Mitigram,http://www.mitigram.com,--,--,Completed,Wrong Person,Email 1,Chief Executive Officer,vd,VD,Mitigram,Mitigram,,,,,
Louise,Ardefelt,louiseardefelt@darkduckstudio.se,--,Dark Duck Studio,--,--,--,Completed,Wrong Person,Email 1,CEO,,VD,Dark Duck Studio,Dark Duck Studio,,,,,
Angmyren,Ronny,ronny.angmyren@jaktia.se,--,Jaktia,--,--,--,Completed,Wrong Person,Email 1,CEO,,VD,Jaktia,Jaktia,,,,,
Jan,Brunstedt,jan.brunstedt@aviator.eu,--,Nordic Dino Robotics AB,--,--,--,Completed,Wrong Person,Email 1,CEO,,VD,Nordic Dino Robotics ,Nordic Dino Robotics ,,,,,
Victoria,Janlow,victoria.janlow@nordiccapital.com,--,Nordic Capital,--,--,--,Completed,Wrong Person,Email 1,CFO Assistent,,CFO-assistent,Nordic Capital,Nordic Capital,,,,,
Gisela,Sandin,gibr@forenade-service.se,--,Forenede Koncernen,--,--,--,Completed,Wrong Person,Email 2,Group CFO,,koncernchef,Forenede Koncernen,Forenede Koncernen,,,,,
Nicklas,Gottrup,nicklas.gottrup@heynow.ai,--,heynow,--,--,--,Completed,Wrong Person,Email 1,Founder - CEO,,grundare,heynow,Heynow,,,,,
Magnus,Axelsson,magnus.axelsson@austri.no,--,EOLUS VIND AB (PUBL).,--,--,--,Completed,Wrong Person,Email 1,COO/Deputy CEO,,vice vd,EOLUS VIND  (PUBL).,Eolus Vind  (Publ).,,,,,
Niklas,Rilby,niklas.rilby@brunswickrealestate.com,--,Brunswick Real Estate,--,--,--,Completed,Wrong Person,Email 1,Associate CFO Team,,biträdande ekonomichef,Brunswick Real Estate,Brunswick Real Estate,,,,,
Kemal,Basic,kemal.basic@softhouse.se,--,Softhouse,--,--,--,Completed,Wrong Person,Email 4,CEO Softhouse Småland AB,,vd,Softhouse,Softhouse,,,,,
Nina,Amjadi,nina.amjadi@familjen.se,--,Familjen sthlm,--,--,--,Completed,Wrong Person,Email 1,Chief Executive Officer,,vd,Familjen sthlm,Familjen Sthlm,,,,,
Anders,Goransson,anders.goransson@bactiguard.com,--,Bactiguard AB,--,--,--,Completed,Wrong Person,Email 5,Chief Executive Officer,,vd,Bactiguard ,Bactiguard ,,,,,
Alexander,Varnas,alexander@hubbster.dk,--,Hubbster,http://www.hubbster.com,--,--,Completed,Wrong Person,Email 1,Chief Executive Officer,vd,vd,Hubbster,Hubbster,,,,,
Josefin,Eriksson,josefin@naive.se,--,Naive.,--,--,--,Completed,Wrong Person,Email 1,Chief Executive Officer,,vd,Naive.,Naive.,,,,,
Anders,Lindell,anders.lindell@areco.se,--,Areco - The Group,--,--,--,Completed,Wrong Person,Email 1,CEO,,vd,Areco - The Group,Areco - The Group,,,,,
Andre,Stromgren,andre.stromgren@quantservice.com,--,Quant Service,--,--,--,Completed,Wrong Person,Email 1,Group Chief Financial Officer,,finanschef,Quant Service,Quant Service,,,,,
Hanna,Marklund,hanna.marklund@buddycompany.com,--,BuddyCompany.com,--,--,--,Completed,Wrong Person,Email 1,Group CFO,,koncern-ekonomichef,BuddyCompany.com,Buddycompany.Com,,,,,
Oskar,Ferno,oskar.ferno@houseoftest.se,--,House of Test Consulting,--,--,--,Completed,Wrong Person,Email 1,CFO & People and Culture Manager,,ekonomichef,House of Test Consulting,House Of Test Consulting,,,,,
Anja,Gaetani,anja@bossanova-pa.se,--,Bossanova People Agency,--,--,--,Completed,Wrong Person,Email 1,CEO & Executive search consultant,,vd,Bossanova People Agency,Bossanova People Agency,,,,,
Lena,Hall,lena.hall@projektledarhuset.se,--,Projektledarhuset,--,--,--,Completed,Wrong Person,Email 1,Chief Executive Officer - VD Raksystems Projektledarhuset,,projektledare,Projektledarhuset,Projektledarhuset,,,,,
Anna-Karin,Hatt,anna-karin.hatt@lrf.se,--,LRF - Lantbrukarnas Riksförbund,--,--,--,Completed,Wrong Person,Email 2,VD och koncernchef (CEO and President),,vd,LRF - Lantbrukarnas Riksförbund,Lrf - Lantbrukarnas Riksförbund,,,,,
Mattias,Brodin,mattias.brodin@catella.se,--,Catella,--,--,--,Completed,Wrong Person,Email 1,Chief Financial Officer,,ekonomichef,Catella,Catella,,,,,
Olle,Westerling,olle.westerling@midroc.se,--,Rodoverken,--,--,--,Completed,Wrong Person,Email 1,CFO,,ekonomichef,Rodoverken,Rodoverken,,,,,
Solveig,Stromqvist,solveig.stromqvist@jelmtech.se,--,Jelmtech Produktutveckling AB,--,--,--,Completed,Wrong Person,Email 2,CFO,,ekonomichef,Jelmtech Produktutveckling ,Jelmtech Produktutveckling ,,,,,
Peter,Ingemarsson,peter.ingemarsson@nordicbrass.se,--,Nordic Brass Gusum AB,--,--,--,Completed,Wrong Person,Email 2,CFO,,ekonomichef,Nordic Brass Gusum ,Nordic Brass Gusum ,,,,,
Sylvia,Andersson,sylvia.andersson@palettesoftware.com,--,Rillion,--,--,--,Completed,Wrong Person,Email 4,CFO,,ekonomichef,Rillion,Rillion,,,,,
Jenny,Appenrodt,jenny.appenrodt@klarabo.se,--,KlaraBo,--,--,--,Completed,Wrong Person,Email 3,Chief Financial Officer,,ekonomichef,Klaro,Klaro,,,,,
Fredrik,Ahlstrom,fredrik.ahlstrom@minesto.com,--,Minesto,--,--,--,Completed,Wrong Person,Email 2,CFO,,ekonomichef,Minesto,Minesto,,,,,
Ann-Charlotte,Linderoth,ann-charlotte.linderoth@contextvision.se,--,Inify Laboratories,--,--,--,Completed,Wrong Person,Email 2,CFO,,ekonomichef,Inify Loratories,Inify Loratories,,,,,
Claes,Nyren,claes.nyren@above.se,--,Above.se,--,--,--,Completed,Wrong Person,Email 1,Chief Financial Officer,,ekonomichef,ove.se,Ove.Se,,,,,
Robert,Elovson,robert.elovson@gotenehus.se,--,Götenehus Group AB,--,--,--,Completed,Wrong Person,Email 3,CFO,,ekonomichef,Götenehus Group ,Götenehus Group ,,,,,
Ando,Wikstrom,aw@shhbostad.se,--,Birger Bostad,--,--,--,Completed,Wrong Person,Email 1,CFO,,ekonomichef,Birger Bostad,Birger Bostad,,,,,
Johan,Nordberg,johan.nordberg@guidegloves.com,--,Guide Gloves,--,--,--,Completed,Wrong Person,Email 3,CFO,,ekonomichef,Guide Gloves,Guide Gloves,,,,,
Bengt,Jondell,bengt.jondell@cantargia.com,--,Cantargia AB,--,--,--,Completed,Wrong Person,Email 2,CFO,,ekonomichef,Cantargia ,Cantargia ,,,,,
Linus,Olsson,linus.olsson@bygghemma.se,--,Bygghemma,--,--,--,Completed,Wrong Person,Email 4,CFO,,ekonomichef,Bygghemma,Bygghemma,,,,,
Jonas,Hallden,jonas.hallden@aarke.com,--,Aarke,--,--,--,Completed,Wrong Person,Email 3,CFO,,ekonomichef,Aarke,Aarke,,,,,
Camilla,Brasch,camilla@cicerongroup.com,--,Ciceron Group,--,--,--,Completed,Wrong Person,Email 1,CFO,,ekonomichef,Ciceron Group,Ciceron Group,,,,,
Mia,Alstrom,mia.alstrom@cninordic.com,--,CNI,--,--,--,Completed,Wrong Person,Email 3,CFO / Investment Professional,,ekonomichef,CNI,Cni,,,,,
Anna,Lind,anna.lind@gar-bo.se,--,GarBo,--,--,--,Completed,Wrong Person,Email 2,CFO,,ekonomichef,GarBo,Garbo,,,,,
Pia,Ivarsson,pia.ivarsson@v-tab.se,--,V-TAB AB,--,--,--,Completed,Wrong Person,Email 3,CFO,,ekonomichef,V-T ,V-T ,,,,,
Julija,Arcisevskaja,julija@hookedfoods.com,--,Hooked Foods,--,--,--,Completed,Wrong Person,Email 4,Chief Financial Officer,,ekonomichef,Hooked Foods,Hooked Foods,,,,,
Leila,Andersson,leila.andersson@ninetech.com,--,Ninetech AB,--,--,--,Completed,Wrong Person,Email 2,CFO,,ekonomichef,Ninetech ,Ninetech ,,,,,
Emma,Siljeang,emma@chalmersventures.com,--,Chalmers Ventures,--,--,--,Completed,Wrong Person,Email 2,CFO,,ekonomichef,Chalmers Ventures,Chalmers Ventures,,,,,
Sallie,Barrie,sallie.barrie@kakelspecialisten.se,--,Kakelspecialisten i Stockholm AB,--,--,--,Completed,Wrong Person,Email 2,CFO,,ekonomichef,Kakelspecialisten i Stockholm ,Kakelspecialisten I Stockholm ,,,,,
Caroline,Lengholm,caroline@csec.group,--,CSEC,--,--,--,Completed,Wrong Person,Email 1,Chief Financial Officer,,ekonomichef,CSEC,Csec,,,,,
Jonas,Elmtoft,jonas.elmtoft@komhotel.se,--,Kom Hotel Stockholm,--,--,--,Completed,Wrong Person,Email 2,CFO,,ekonomichef,Kom Hotel Stockholm,Kom Hotel Stockholm,,,,,
Anna-Lena,Jonsson,anna-lena.jonsson@setterwalls.se,--,Setterwalls Advokatbyrå,--,--,--,Completed,Wrong Person,Email 3,CFO,,ekonomichef,Setterwalls Advokatbyrå,Setterwalls Advokatbyrå,,,,,
Marek,Ryden,marek.ryden@nordea.com,--,Nordea Asset Management,--,--,--,Completed,Wrong Person,Email 4,CFO,,ekonomichef,Nordea Asset Management,Nordea Asset Management,,,,,
Katarina,Ignatowicz,katarina@10chambers.com,--,10 Chambers,--,--,--,Completed,Wrong Person,Email 3,Chief Financial Officer,,ekonomichef,10 Chambers,10 Chambers,,,,,
Martin,Lewerth,martin.lewerth@airahome.com,--,--,--,--,--,Completed,Wrong Person,Email 3,,,,,,,,,,
Mattias,Lundstrom,mattias.lundstrom@johnmattson.se,--,John Mattson Fastighetsföretagen AB,--,--,--,Completed,Wrong Person,Email 3,CFO,,ekonomichef,John Mattson Fastighetsföretagen ,John Mattson Fastighetsföretagen ,,,,,
Heidi,Bader,heidi.bader@flexqube.com,--,FlexQube,--,--,--,Completed,Wrong Person,Email 2,CFO,,ekonomichef,FlexQube,Flexqube,,,,,
Erik,Elfstrom,erik.elfstrom@chromogenics.com,--,ChromoGenics,--,--,--,Completed,Wrong Person,Email 2,CFO,,ekonomichef,ChromoGenics,Chromogenics,,,,,
Anna,Stahle,anna.stahle@bavariabil.se,--,Bavaria Bil,--,--,--,Completed,Wrong Person,Email 2,CFO,,ekonomichef,Bavaria Bil,Bavaria Bil,,,,,
Josefin,Mehany,josefin@grandpastore.com,--,Grandpa AB,--,--,--,Completed,Wrong Person,Email 1,CFO,,ekonomichef,Grandpa ,Grandpa ,,,,,
Johan,Persson,johan.persson@sandvikenhus.se,--,Sandvikenhus AB,--,--,--,Completed,Wrong Person,Email 1,CFO,,ekonomichef,Sandvikenhus ,Sandvikenhus ,,,,,
Martin,Carlsson,martin.carlsson@nextstep.se,--,Next step group,--,--,--,Completed,Wrong Person,Email 3,CFO,,ekonomichef,Next step group,Next Step Group,,,,,
Kristofer,Bergmar,kristofer.bergmar@nexusgroup.com,--,Nexus Group – Global,--,--,--,Completed,Wrong Person,Email 2,CFO,,ekonomichef,Nexus Group – Global,Nexus Group – Global,,,,,
Alexandra,El-Ghazaly,alexandra@tessin.se,--,Tessin,--,--,--,Completed,Wrong Person,Email 1,CFO,,ekonomichef,Tessin,Tessin,,,,,
Christian,Westerberg,christian.westerberg@granitor.se,--,Granitor,--,--,--,Completed,Wrong Person,Email 3,CFO,,ekonomichef,Granitor,Granitor,,,,,
Tomas,Oberg,tomaso@ain.se,--,Aurora Innovation,--,--,--,Completed,Wrong Person,Email 3,CFO,,ekonomichef,Aurora Innovation,Aurora Innovation,,,,,
Erika,Aslin,erika.aslin@infranode.se,--,Infranode,--,--,--,Completed,Wrong Person,Email 3,CFO,,ekonomichef,Infranode,Infranode,,,,,
Anna,Jeka,anna.jeka@centra.com,--,Centra,--,--,--,Completed,Wrong Person,Email 1,Chief Financial Officer,,ekonomichef,Centra,Centra,,,,,
Anders,Fogelberg,anders.fogelberg@flexqube.com,--,FlexQube,--,--,--,Completed,Wrong Person,Email 2,CEO,,vd,FlexQube,Flexqube,,,,,
Billy,Moberg,billy.moberg@elmarin.se,--,El & Marinteknik AB,--,--,--,Completed,Wrong Person,Email 1,CEO,,vd,El & Marinteknik ,El & Marinteknik ,,,,,
Peter,Qvarfordt,peter.qvarfordt@hydrovolt.com,--,Hydrovolt,--,--,--,Completed,Wrong Person,Email 2,Chief Executive Officer,,vd,Hydrovolt,Hydrovolt,,,,,
Elin,Sahlstrom,elin.sahlstrom@appelberg.com,--,Appelberg Content Agency,--,--,--,Completed,Wrong Person,Email 2,CEO,,vd,Appelberg Content Agency,Appelberg Content Agency,,,,,
Bernhard,Stahre,bernhard.stahre@stahrebolaget.se,--,Stahrebolaget fukt- & saneringsteknik AB,--,--,--,Completed,Wrong Person,Email 2,CEO,,vd,Stahrebolaget fukt- & saneringsteknik ,Stahrebolaget Fukt- & Saneringsteknik ,,,,,
Ari,Kemppainen,ari.kemppainen@zazzenergy.com,--,Zazz Energy of Sweden AB,--,--,--,Completed,Wrong Person,Email 2,Chief Executive Officer,,vd,Zazz Energy of Sweden ,Zazz Energy Of Sweden ,,,,,
Leif,Grenevall,leif.grenevall@visits.se,--,Add Visits AB,http://www.addvisits.se,--,--,Completed,Wrong Person,Email 1,CEO,,vd,Add Visits ,Add Visits ,Sweden,,,,
Marcell,Kapteijn,marcell.kapteijn@galio.se,--,Galio of Sweden,--,--,--,Completed,Wrong Person,Email 1,CEO,,VD,Galio of Sweden,Galio Of Sweden,,,,,
Asa,Karlsson,asa@harvestmoon.se,--,harvest moon AB,--,--,--,Completed,Wrong Person,Email 1,CEO,,vd,harvest moon ,Harvest Moon ,,,,,
Peo,Dahl,peo@nqd.se,--,Nordic Quality Design AB,--,--,--,Completed,Wrong Person,Email 2,CEO,,vd,Nordic Quality Design ,Nordic Quality Design ,,,,,
Philip,Slatis,philip.slatis@sensidose.se,--,Sensidose AB (publ),--,--,--,Completed,Wrong Person,Email 1,COO and Deputy CEO,,stf. verkställande direktör,Sensidose  (publ),Sensidose  (Publ),,,,,
Anna,Nyberg,anna.nyberg@ica.se,--,ICA Fastigheter,--,--,--,Completed,Wrong Person,Email 1,VD / CEO,,vd,ICA Fastigheter,Ica Fastigheter,,,,,
Therese,Lundstedt,therese.lundstedt@colix.se,--,Colix Systems,--,--,--,Completed,Wrong Person,Email 1,VD/CEO,,vd,Colix Systems,Colix Systems,,,,,
Fredrik,Nordling,fredrik.nordling@saxlund.se,--,Saxlund Group,--,--,--,Completed,Wrong Person,Email 2,Acting Chief Executive Officer,,vd,Saxlund Group,Saxlund Group,,,,,
Robert,Bjursten,robert.bjursten@hydriawater.se,--,Hydria Water,--,--,--,Completed,Wrong Person,Email 2,CEO / Division Manager,,vd,Hydria Water,Hydria Water,,,,,
Mathias,Moller,mathias@internetbolaget.nu,--,Internetbolaget Sverige AB,--,--,--,Completed,Wrong Person,Email 2,CEO Internetbolaget Sverige AB,,vd,Internetbolaget Sverige ,Internetbolaget Sverige ,,,,,
Mimmi,Geidne,mimmi.geidne@idesglobal.com,--,Ides AB,--,--,--,Completed,Wrong Person,Email 1,CFO,,ekonomichef,Ides ,Ides ,,,,,
Stefan,Hellgren,stefan.hellgren@elofhansson.com,--,Elof Hansson Group,--,--,--,Completed,Wrong Person,Email 2,CFO,,ekonomichef,Elof Hansson Group,Elof Hansson Group,,,,,
Richard,Gluckman,richard.gluckman@smsevoko.com,--,SMS Evoko Group AB,--,--,--,Completed,Wrong Person,Email 2,CEO,,vd,SMS Evoko Group ,Sms Evoko Group ,,,,,
Rickard,Troeng,rickard.troeng@b3.se,--,Svenska SkogsPortalen AB,--,--,--,Completed,Wrong Person,Email 2,CEO,,vd,Svenska SkogsPortalen ,Svenska Skogsportalen ,,,,,
Lennart,Svantesson,lennart.svantesson@naxs.se,--,NAXS,--,--,--,Completed,Wrong Person,Email 1,CEO,,vd,NAXS,Naxs,,,,,
Tomas,Hellekant,tomas.hellekant@creovent.se,--,airteam Creovent,--,--,--,Completed,Wrong Person,Email 2,VD/CEO,,vd,airteam Creovent,Airteam Creovent,,airteam creovent,vd,,
Samuel,Troilius,samt@redpill-linpro.com,--,Redpill Linpro,--,--,--,Completed,Wrong Person,Email 1,CEO of D&A | Senior Analytical Engineer & Architect,,vd,Redpill Linpro,Redpill Linpro,,,,,
Marcus,Antonsson,marcus.antonsson@studentwork.com,--,Clevry,--,--,--,Completed,Wrong Person,Email 1,CEO & Partner,,vd,Clevry,Clevry,,,,,
Eva,Rydbeck,eva.rydbeck@webhallen.com,--,Webhallen Sverige AB,--,--,--,Completed,Wrong Person,Email 1,Sidekick till CFO,,assistent ekonomichef,Webhallen Sverige ,Webhallen Sverige ,,,,,
Maj,Lundgren,maj.lundgren@ionautics.com,--,Ionautics,--,--,--,Completed,Wrong Person,Email 1,CFO & Business Development Manager,,ekonomichef,Ionautics,Ionautics,,,,,
Frank,Hagberg,frank.hagberg@sollentunahem.se,--,Sollentunahem AB,--,--,--,Completed,Wrong Person,Email 1,CFO,,ekonomichef,Sollentunahem ,Sollentunahem ,,,,,
Magnus,Jansson,magnus.jansson@rowico.se,--,Rowico Home,--,--,--,Completed,Wrong Person,Email 1,CFO,,ekonomichef,Rowico Home,Rowico Home,,,,,
Christine,Hanefalk,christine.hanefalk@maritimtforum.se,--,Maritimt Forum,--,--,--,Completed,Wrong Person,Email 1,CEO,,vd,Maritimt Forum,Maritimt Forum,,,,,
Mats,Ferm,mats.ferm@palettesoftware.com,--,Rillion,--,--,--,Completed,Wrong Person,Email 1,CEO,,vd,Rillion,Rillion,,,,,
Tomas,Carlsson,tomas.carlsson@tellit.se,--,Tellit Sverige,http://www.tellit.se/,--,--,Completed,Wrong Person,Email 4,CEO,vd,vd,Tellit Sverige,Tellit Sverige,,Tellit,grundare,Tomas Carlsson,
Fredrik,Engdahl,fredrik@boneo.se,--,Boneo,--,--,--,Completed,Wrong Person,Email 1,Chief Executive Officer,,vd,Boneo,Boneo,,,,,
Matz,Karlsson,matz.karlsson@storegate.com,--,Storegate,http://www.storegate.com,--,--,Completed,Wrong Person,Email 1,CEO and Founder,vd,grundare,Storegate,Storegate,,,,,
Michael,Carlsen,michael.carlsen@hjerta.se,--,Hjerta Stockholm Strandvägen,http://www.hjerta.se,--,--,Completed,Wrong Person,Email 1,VD/CEO,vd,vd,Hjerta Stockholm Strandvägen - Factor,Hjerta Stockholm Strandvägen - Factor,,,,,
Jonas,Siljeskar,jonas.siljeskar@bewisynbra.com,--,BEWI Group,--,--,--,Completed,Wrong Person,Email 3,CEO BEWiSynbra Group,,vd,BEWI Group,Bewi Group,,,,,
Manuel,Lindberg,manuel.lindberg@aikfotboll.se,--,AIK Fotboll,--,--,--,Completed,Wrong Person,Email 2,CEO & Club Director,,vd,AIK Fotboll,Aik Fotboll,,,,,
Tobias,Ekdahl,tobias.ekdahl@barnebys.com,--,Barnebys,--,--,--,Completed,Wrong Person,Email 1,CFO,,ekonomichef,Barnebys,Barnebys,,,,,
Clara,Grelsson,clara.grelsson@mindshareworld.com,--,Mindshare Sweden,--,--,--,Completed,Wrong Person,Email 1,CEO,,vd,Mindshare Sweden,Mindshare Sweden,,,,,
Shirin,Troeng,shirin@junopr.se,--,Juno Public Relations,--,--,--,Completed,Wrong Person,Email 1,CEO,,vd,Juno Public Relations,Juno Public Relations,,,,,
Linnea,Askestad,linnea.askestad@ws.se,--,Wahlstedt Sageryd Financial Services,http://www.ws.se,--,--,Completed,Wrong Person,Email 2,Deputy CEO,biträdande vd,vice-vd,Wahlstedt Sageryd Financial Services,Wahlstedt Sageryd Financial Services,,,,,
Mats,Jakobsson,mats.jakobsson@ssg.se,--,SSG Standard Solutions Group,--,--,--,Completed,Wrong Person,Email 1,VD/CEO,,vd,SSG Standard Solutions Group,Ssg Standard Solutions Group,,,,,
Johanna,Hamren,johanna@caiacosmetics.com,--,CAIA Cosmetics,--,--,--,Completed,Wrong Person,Email 4,Acting CEO,,VD,CAIA Cosmetics,Caia Cosmetics,,,,,
Liselotth,Ojerhed,liselotth.arkblad.ojerhed@monki.com,--,Monki,--,--,--,Completed,Wrong Person,Email 1,Brand controller / CFO,,ekonomichef,Monki,Monki,,,,,
Anders,Lundin,anders.lundin@qlinea.com,--,Q-linea,--,--,--,Completed,Wrong Person,Email 1,"Interim CFO, IR & Com",,finanschef,Q-linea,Q-Linea,,,,,
Stefan,Bojgren,stefan.bojgren@stenentreprenader.se,--,Stenentreprenader AB,http://www.stenentreprenader.se,--,--,Completed,Wrong Person,Email 1,CEO VD Stenentreprenader i Hessleholm AB,,vd,Stenentreprenader ,Stenentreprenader ,,Stenentreprenader,vd,,"Förresten, jag såg att Stenentreprenader erbjuder flexibla leveransvägar för sina kunder. Bra jobbat!"
Gabriel,Fogelsjoo,gabriel@teamtailor.com,--,The Upskill Company,--,--,--,Completed,Wrong Person,Email 1,CEO,,vd,The Upskill Company,The Upskill Company,,,,,
Annica,Rantala,annica@stronger.se,--,STRONGER,--,--,--,Completed,Wrong Person,Email 1,CEO,,vd,STRONGER,Stronger,,,,,
Gunnar,Wester,gunnar.wester@punkroyale.com,--,Punk Royale,--,--,--,Completed,Wrong Person,Email 1,CEO,,VD,Punk Royale,Punk Royale,,,,,
Sven,Johansson,svenolof.johansson@fastpartner.se,--,Fastpartner AB (FPAR),--,--,--,Completed,Wrong Person,Email 3,CEO,,vd,Fastpartner  (FPAR),Fastpartner  (Fpar),,,,,
Johan,Oscarsson,johan.oscarsson@strukton.se,--,Strukton Rail Sverige,--,--,--,Completed,Wrong Person,Email 1,CEO,,vd,Strukton Rail Sverige,Strukton Rail Sverige,,,,,
Henrik,Nordh,henrik.nordh@rubino.se,--,Rubino Rekrytering,--,--,--,Completed,Wrong Person,Email 1,CEO,,vd,Rubino Rekrytering,Rubino Rekrytering,,,,,
Lotta,Smith,lotta.smith@cedergrenska.se,--,Cedarwood,--,--,--,Completed,Wrong Person,Email 2,Chief Executive Officer,,vd,Cedarwood,Cedarwood,,,,,
Bjorn,Karlsson,bjorn.karlsson@welandsolutions.com,--,Weland Solutions AB,--,--,--,Paused,Wrong Person,Email 2,ceo,,vd,Weland Solutions ,Weland Solutions ,,,,,
Marcus,,marcus@esportal.com,--,Esportal Group,--,--,--,Completed,Wrong Person,Email 4,Chief Executive Officer,,vd,Esportal Group,Esportal Group,,,,,
Anneli,Dahl,ad@cellink.com,--,CELLINK,--,--,--,Completed,Wrong Person,Email 1,CFO/Head of Finance,,ekonomichef,CELLINK,Cellink,,,,,
Frej,Andreassen,frej.andreassen@corpia.se,--,Corpia,http://www.corpia.se,--,--,Completed,Wrong Person,Email 1,CEO (interim),vd,interim-VD,Corpia,Corpia,,,,,
Stefan,Jarudd,stefan@hjertmans.se,--,Hjertmans Sweden AB,--,--,--,Completed,Wrong Person,Email 1,"CEO, Partner",,vd,Hjertmans Sweden ,Hjertmans Sweden ,,,,,
Fredrik,Remneblad,fredrik.remneblad@tekniskaverken.se,--,Tekniska verken i Linköping AB,--,--,--,Completed,Wrong Person,Email 1,Business Unit Manager and CEO at Mjölby-Svartådalen Energi AB,,vd,Tekniska verken i Linköping ,Tekniska Verken I Linköping ,,,,,
Anna,Lundh,anna@specificgeneric.com,--,Specific Generic,--,--,--,Completed,Wrong Person,Email 1,CEO,,vd,Specific Generic,Specific Generic,,,,,
Rutger,Selin,rutger@nowo.se,--,NOWONOMICS AB,--,--,--,Completed,Wrong Person,Email 1,CEO,,vd,NOWONOMICS ,Nowonomics ,,,,,
Artur,Viira,artur.viira@bybrick.se,--,byBrick Interface,http://www.bybrick.se,--,--,Completed,Wrong Person,Email 1,CEO,vd,vd,Aderian Stockholm,Aderian Stockholm,,,,,
Hanna,Rudel,hanna.rudel@samster.se,--,Samster AB,--,--,--,Completed,Wrong Person,Email 1,Chief Executive Officer,,vd,Samster ,Samster ,,,,,
Lisa,Tunon,lisa.tunon@brunswickrealestate.com,--,Brunswick Real Estate,--,--,--,Completed,Wrong Person,Email 1,CFO Team,,ekonomichef,Brunswick Real Estate,Brunswick Real Estate,,,,,
Ola,,ola.hammarlund@gatewaydigital.se,--,Gateway Digital Sweden AB (A Gateway Group Company),--,--,--,Completed,Wrong Person,Email 1,VD / CEO,,vd,Gateway Digital Sweden  (A Gateway Group Company),Gateway Digital Sweden  (A Gateway Group Company),,,,,
Mathias,Granath,mathias.granath@rosenqvists.com,--,Rosenqvists Food Technologies,--,--,--,Completed,Wrong Person,Email 1,VD/CEO,,vd,Rosenqvists Food Technologies,Rosenqvists Food Technologies,,,,,
Jonas,Granzell,jonas.granzell@are-group.se,--,ARE Sverige AB,--,--,--,Completed,Wrong Person,Email 1,CEO/VD,,vd,ARE Sverige ,Are Sverige ,,,,,
Marcus,Aslund,marcus.aslund@gotlandshem.se,--,GotlandsHem,--,--,--,Completed,Wrong Person,Email 1,CFO,,ekonomichef,GotlandsHem,Gotlandshem,,,,,
