company_name,website,first_name,email
Vavoom Vodka,vavoomvodka.com,Luke,luke@vavoomvodka.com
chikili.com,chikili.com,Fazal,fmukthar@chikili.com
Mist Hub,misthub.com,Igor,igor@misthub.com
Ezpz,ezpzfun.com,Lindsey,lindsey@ezpzfun.com
Platanomelón,platanomelon.com,Anna,anna@platanomelon.com
OGEE,ogee.com,Alex,alex.stark@ogee.com
Primitive Star Quilt Shop,primitivestarquiltshop.com,Jacki,jacki@primitivestarquiltshop.com
Hammitt,hammitt.com,Tony,tony@hammitt.com
Passion Planner,passionplanner.com,Angelia,angelia@passionplanner.com
BulbHead - International,bulbhead.com,AJ,aj@bulbhead.com
Totsy,totsy.com,Lisa,lk@totsy.com
VAVA,vava.com,Allen,allen@vava.com
Flatspot,flatspot.com,Andy,andy@flatspot.com
Paul Rich Watches,paul-rich.com,Paul,Paul@paul-rich.com
Relax The Back,relaxtheback.com,Peter,p.lowry@relaxtheback.com
Petite Studio,petitestudionyc.com,Jenny,jennyw@petitestudionyc.com
"Ready, Set, Food",readysetfood.com,Daniel,daniel@readysetfood.com
Flo Mattress,flomattress.com,Gaurav,gaurav.zatakia@flomattress.com
Hak5,hak5.org,Darren,darren@hak5.org
Ocushield,ocushield.com,Dhruvin,dhruvin.patel@ocushield.com
DS Laboratories,dslaboratories.com,Fernando,fernando@dslaboratories.com
Evereden,ever-eden.com,Rita,rita@ever-eden.com
Adanola,adanola.com,Hyrum,hc@adanola.com
Boltt,https://fireboltt.com/,Arnav,arnav@fireboltt.com
Milly,milly.com,Alexa,alexac@milly.com
Sheets & Giggles,sheetsgiggles.com,Colin,colin.mcintosh@sheetsgiggles.com
Elwood Clothing,elwoodclothing.com,Jackson,jackson@elwoodclothing.com
Tiny Rituals,tinyrituals.co,Sam,sam@tinyrituals.co
Saathi Pads,saathipads.com,Tarun,tarun.bothra@saathipads.com
Lotus Herbals,lotusherbals.com,Dipin,dipin.passi@lotusherbals.com
Zero Foxtrot,zerofoxtrot.com,Tim,tim@zerofoxtrot.com
Stührling,stuhrling.com,Chaim,chaim@stuhrling.com
MagicalButter,magicalbutter.com,Garyn,gangel@magicalbutter.com
Doggykingdom,doggykingdom.net,Mary,mary@doggykingdom.net
Nydj,nydj.com,Steve,steve.morales@nydj.com
Aoh,artofhomage.com,Channel,channel@artofhomage.com
Monos,monos.com,Victor,victor@monos.com
Zesty Paws,zestypaws.com,Steve,steve@zestypaws.com
Gemplers,gemplers.com,Jenny,jenny@gemplers.com
Primitive Skateboarding,primitiveskate.com,Jubal,jubal@primitiveskate.com
Short Par 4,shortpar4.com,Bobby,bobby@shortpar4.com
BrighterBlooms.com,brighterblooms.com,Justin,justin@brighterblooms.com
A.L.C.,alcltd.com,Alissa,alissa@alcltd.com
Status Audio,status.co,James,james@thestatusaudio.com
Mugsy Jeans,mugsyjeans.com,Leo,leo@mugsyjeans.com
White Duck Outdoors,whiteduckoutdoors.com,Moez,moez@whiteduckoutdoors.com
Standard & Strange,standardandstrange.com,Jeremy,jeremy@standardandstrange.com
Laura Davidson Direct,lauradavidsondirect.com,Dave,dave@lauradavidsondirect.com
Pair of Thieves,pairofthieves.com,Alan,alan@pairofthieves.com
Bluebella Lingerie,bluebella.com,Janet,janet@bluebella.com
RISE Brewing,risebrewingco.com,Grant,grant@risebrewingco.com
American Tall,americantall.com,Jake,jake@americantall.com
Hello Bello,hellobello.com,Sean,sean@hellobello.com
Sidemen Clothing,sidemenclothing.com,Matt,matt@sidemenclothing.com
Trulean Nutrition,trulean.com,Erin,erin@trulean.com
Leaf Shave,leafshave.com,Adam,ahahn@leafshave.com
Re'equil,reequil.com,Vipul,vipul@reequil.com
Inside Weather,insideweather.com,Ben,ben@insideweather.com
Bryan Anthonys,bryananthonys.com,Amber,amber@bryananthonys.com
Dftba Records,store.dftba.com,Dave,dave@dftba.com
Rockabilia.com,rockabilia.com,Frankie,frankie@rockabilia.com
QW Furniture,qualitywoods.com,Collin,collin@qualitywoods.com
Maison de Sabre,us.maisondesabre.com,Omar,omar@maisondesabre.com
Mother Denim,motherdenim.com,Sally,sally@motherdenim.com
Rocketbook,getrocketbook.com,Jonathan,jonathan.iannacone@getrocketbook.com
The Frye Company,thefryecompany.com,Marcella,marcellawithers@thefryecompany.com
Eluxury,eluxury.com,Paul,paul@eluxury.com
Ceremonia,ceremonia.com,Babba,babba@ceremonia.com
Vetta,vettacapsule.com,Cara,cara@vettacapsule.com
My Choice Software,mychoicesoftware.com,Nate,nate@mychoicesoftware.com
Alex and Ani,alexandani.com,Carolyn,carolynrafaelian@alexandani.com
Danny Duncan,dannyduncan69.com,Danny,duncan@dannyduncan69.com
Spikeball,spikeball.com,Chris,chris@spikeball.com
Standard Textile Home,standardtextilehome.com,Gary,gary@standardtextile.com
Saraf Furniture,insaraf.com,Saraf,furniture@insaraf.com
LitJoy Crate,litjoycrate.com,Ali,abatty@litjoycrate.com
DankStop.com,dankstop.com,Andre,andre@dankstop.com
The Sculpt Society,thesculptsociety.com,Morgan,morgan@thesculptsociety.com
Secretlab,secretlab.sg,Ian,ian@secretlab.sg
SIBU Sea Berry Therapy,sibu.com,Peter,peter@sibu.com
Coco & Eve,int.cocoandeve.com,Christy,christy.linder@cocoandeve.com
Perry Ellis,perryellis.com,George,george.feldenkreis@perryellis.com
Smoke Rise,smokeriseny.com,Jimmy,jimmy@smokeriseny.com
Meller,mellerbrand.com,Marco,mgrandi@mellerbrand.com
Superbottoms,superbottoms.com,Pallavi,pallavi@superbottoms.com
UpWest,upwest.com,Emily,emily@upwest.com
K-Swiss,kswiss.com,Rihan,rkhan@kswiss.com
Empire,thinkempire.com,Max,max@thinkempire.com
BlazePod,blazepod.com,Yaniv,yaniv@blazepod.co
Matt & Nat,mattandnat.com,Manny,mkohli@mattandnat.com
BowlersParadise.com,bowlersparadise.com,Nick,nick@bowlersparadise.com
Pupnaps,pupnaps.com,Jye,jye@pupnaps.com
Open Farm,openfarmpet.com,Isaac,isaac@openfarmpet.com
EvenSkyn,evenskyn.com,Mena,menabielow@evensky.com
Rise,risestore.com,Marc,marc@risestore.com
The Artment,theartment.com,Aditya,aditya@theartment.com
Luvme Hair,shop.luvmehair.com,Michael,michael@luvmehair.com
686,686.com,Mike,mike@686.com
Studs,studs.com,Anna,anna@studs.com
Alex Mill,alexmill.com,Alexander,alex@alex-mill.com
KOS Naturals,kos.com,Tony,ts@kos.com
Chronicle Books,chroniclebooks.com,Tyrrell,tyrrell_mahoney@chroniclebooks.com
MyMedic,mymedic.com,David,david@mymedic.com
Design Public,designpublic.com,Todd,todd@designpublic.com
Tako Agency,takoagency.com,Zlatko,zlatko@takoagency.com
Redcon1,redcon1.com,Aaron,aaron@redcon1.com
Vitasave.ca,vitasave.ca,Adam,adam@vitasave.ca
Holabird Sports,holabirdsports.com,David,david@holabirdsports.com
Yummie,yummie.com,Jimmy,jyao@yummielife.com
The Perfect Jean,theperfectjean.nyc,Ovadia,ovadia@theperfectjean.nyc
Anese,anese.co,Lynnsee,lynnsee@anese.co
Jonathan Adler,jonathanadler.com,Justin,justin@jonathanadler.com
Freshly Picked,freshlypicked.com,Susan,susan@freshlypicked.com
packagingsupplies.com,packagingsupplies.com,Tim,tspicer@packagingsupplies.com
BlenderBottle,blenderbottle.com,Kim,kim@blenderbottle.com
Haute24,haute24.com,Bobby,bobby@hautebook.com
Equator Coffees,equatorcoffees.com,Helen,hrussell@equatorcoffees.com
marijuanapackaging.com,marijuanapackaging.com,Shay,shay.alkoby@marijuanapackaging.com
MadaLuxe Vault,madaluxevault.com,Sandy,sandy@madaluxevault.com
Takeya,takeyausa.com,John,jlown@takeyausa.com
INH Hair,inhhair.com,Jordynn,jordynn@inhhair.com
Lord Jones,lordjones.com,Ryan,ryan.clark@lordjones.com
Urban Monkey India,urbanmonkey.com,Yash,yash@urbanmonkey.com
Pair Eyewear,paireyewear.com,Nathan,nathan@paireyewear.com
Cosette,cosette.com.au,Laura,laura@cosette.com.au
Koral,koral.com,Ilana,ilana.kugel@koral.com
Spa Sciences,spasciences.com,Michael,michael@spasciences.com
Digital Dream Labs,digitaldreamlabs.com,Matt,matthew.eversole@digitaldreamlabs.com
"Baby Brezza, USA",babybrezza.com,Steven,sbetesh@babybrezza.com
Flavor God,flavorgod.com,Chris,chris@flavorgod.com
True Vintage,truevintage.com,Rory,rory@truevintage.com
VRS Design,vrsdesign.com,Todd,toddb@vrsdesign.com
Your Superfoods,yoursuper.com,Kristel,kristel@yoursuper.com
Alastin Skincare,alastin.com,Diane,diane.goostree@alastin.com
Parker Clay,parkerclay.com,Ian,ian@parkerclay.com
Lure Essentials,lureessentials.com,Stella,stella@lureessentials.com
Bella Bridesmaids,bellabridesmaids.com,Boston,boston@bellabridesmaids.com
Sweet Pea Machine Embroidery,swpea.com,Allison,allison.nash@swpea.com
Linksoul,linksoul.com,Geoff,geoff@linksoul.com
BigMuscles Nutrition,bigmusclesnutrition.com,Cyndi,cyndi.sladics@simplystraws.com
Jinen,jinenstore.com,Shin,shin@jinenstore.com
CertiProf,certiprof.com,Gina,gina.gillin@certiprof.com
Dango Products,dangoproducts.com,Charlie,charlie@dangoproducts.com
YCMC by Shoe City,ycmc.com,Kirby,kirby@ycmc.com
Pawpy Kisses Pet Supplies & Services Pte Ltd,pawpykisses.com,Leroy,leroychong@pawpykisses.com
Aussie Candle Supplies,aussiecandlesupplies.com.au,Alex,alex@aussiecandlesupplies.com.au
Vida,shopvida.com,Umaimah,umaimah@shopvida.com
Skylar,skylar.com,Cat,cat@skylar.com
HidrateSpark,hidratespark.com,Alexander,alexander@hidrate.me
J&L Naturals,jnlnaturals.com,Jenn,jenn@jnlnaturals.com
LuxDeco,luxdeco.com,Ben,ben@luxdeco.com
Lime Crime,limecrime.com,Menal,menal@limecrime.com
Re/Done,shopredone.com,Sean,sean@shopredone.com
Lilly's Kloset,lillyskloset.net,Lilly,lilly@lillyskloset.net
Bullet Journal,bulletjournal.com,Ryder,ryder@bulletjournal.com
Charlotte Russe,charlotterusse.com,Jake,fogg@charlotterusse.com
Kill Cliff,killcliff.com,John,john@killcliff.com
SkyMall,skymall.com,Stephen,stephen@skymall.com
Sphero,sphero.com,Paul,paul@Sphero.com
SM Global Shop,smglobalshop.com,David,david@smglobalshop.com
Orly,orlybeauty.com,Jeff,jeff@orlybeauty.com
CellularOutfitter,cellularoutfitter.com,Gene,gene@cellularoutfitter.com
Bata Pakistan,bata.com.pk,Bata,bata.pakistan@batapk.com
Chatters Salons,chatters.ca,Jason,jasonv@chatters.ca
Helinox,helinox.com,Ted,ted@helinox.com
ViX Paula Hermanny,vixpaulahermanny.com,Paula,paula@vixpaulahermanny.com
Mori,babymori.com,Akin,akin@babymori.com
SmartCover,smartcoverco.com,Paris,pneofotistos@smartcoversystems.com
Born Primitive,bornprimitive.com,Bear,bear.handlon@bornprimitive.com
Garage Grown Gear,garagegrowngear.com,Amy,amy@garagegrowngear.com
Poo~Pourri,poopourri.com,Suzy,suzy@poopourri.com
Showcase - Home Of The Hottest Trends,shopatshowcase.com,Samir,samir.kulkarni@shopatshowcase.com
Softsens,softsensbaby.com,Shirin,shirin.joshi@softsensbaby.com
Northern Brewer,northernbrewer.com,Nick,nick.stephan@northernbrewer.com
JBW Diamond Watches,jbw.com,Jeff,jeff@jbw.com
Ever-Pretty.com,ever-pretty.com,Anna,anna@ever-pretty.com
Riot Stores,riotstores.com.au,Joshua,joshua@riotstores.com.au
Members Only,membersonly.com,Christopher,christopherw@membersonly.com
Coop Home Goods,coophomegoods.com,Kevin,kevin@coophomegoods.com
Boie USA,boieusa.com,Matt,matt@boieusa.com
Lenox,lenox.com,Bob,bob_burbank@lenox.com
Distacart,distacart.com,Kiran,kiran@distacart.com
Vesta Sleep,vesta-sleep.com,Gee,g@vesta-sleep.com
Fuzzy – The Pet Parent Company,yourfuzzy.com,Zubin,zubin@yourfuzzy.com
Byrna,byrna.com,Paul,pjensen@byrna.com
Wolven,wolventhreads.com,Kiran,kiran@wolventhreads.com
Moveall33,all33.com,Bing,bing@all33.com
Sophie Buhai,sophiebuhai.com,Sophie,sophie@sophiebuhai.com
TigerFitness.com,tigerfitness.com,Chad,chad@tigerfitness.com
MAXPRO Fitness,maxprofitness.com,Nezar,nezar@maxprofitness.com
Zensah,zensah.com,Zeev,zeev@zensah.com
AromaTech,aromatechscent.com,Dimitri,dimitri@aromatechsystems.com
Vitamin A Swim,vitaminaswim.com,Chris,chris@vitaminaswim.com
Laura Geller Beauty,laurageller.com,Chris,chris.sabato@lauragellerbeauty.com
J.ING US,jingus.com,Jing,insider@jingus.com
BioLite,bioliteenergy.com,Jonathan,jonathan@bioliteenergy.com
Elie Tahari,elietahari.com,Arthur,arthurb@elietahari.com
Lunchskins,lunchskins.com,Kirsten,kirsten@lunchskins.com
Joe’s Jeans,joesjeans.com,Gwen,gwen@joeskidsusa.com
Wool&Prince,woolandprince.com,Mac,mac@woolandprince.com
Love in Faith,loveinfaith.life,Dave,dave@loveinfaith.life
Kono Store,kono.store,Jacob,jacob@kono.store
Barbell Apparel,barbellapparel.com,Karl,karl@barbellapparel.com
Elite Supps,elitesupps.com.au,Domenic,domenic.giampaolo@elitesupps.com.au
Ellipal,ellipal.com,David,david.tian@ellipal.com
About Vintage,aboutvintage.com,Sebastian,sebastian@aboutvintage.com
Poketo,poketo.com,Ted,poketo@poketo.com
Clive Coffee,clivecoffee.com,Mark,mark@clivecoffee.com
Bravado Designs,bravadodesigns.com,Jennifer,jennifer.sparks@bravadodesigns.com
Beddy's,beddys.com,Betsy,betsy@beddys.com
Material,materialkitchen.com,Eunice,eunice@materialkitchen.com
Photomugs,photomugs.com,Edmond,edmond.ku@photomugs.com
The Darkside Initiative,thedarksideinitiative.com,Colin,colin@thedarksideinitiative.com
Allswell Home,allswellhome.com,Rachael,rachael.durkin@allswellhome.com
MotoBilt,motobilt.com,Dan,dan@motobilt.com
Totebagfactory,totebagfactory.com,Selcuk,selcuk@totebagfactory.com
Dashing Diva USA,dashingdiva.com,Tania,tperalta@dashingdiva.com
Lauren Moshi,laurenmoshi.com,Kara,kara@laurenmoshi.com
Primal Kitchen,primalkitchen.com,Morgan,morgan@primalkitchen.com
Miracle Brand,miraclebrand.co,Ahad,ahad@nameless-ventures.com
Ashley HomeStore Canada,ashleyhomestore.ca,Brenda,bashley@ashleyhomestore.ca
Lion Brand Yarn,lionbrand.com,Richard,richard.ezra@lionbrand.com
Beckett Simonon,beckettsimonon.com,Andres,andres@beckettsimonon.com
Wooden Wick,woodenwick.com,Charlotte,charlotte@woodenwick.com
Safariland,safariland.com,Aris,aris.makris@safariland.com
Jimmy Joy,jimmyjoy.com,Otto,otto@jimmyjoy.com
Ouai,theouai.com,Colin,colin@theouai.com
DrewHouse,thehouseofdrew.com,Laura,le@thehouseofdrew.com
Superga,superga-usa.com,Charis,charis@superga-usa.com
Bluetti Global,bluetti.com,Amanda,amanda@bluetti.com
Carved,carved.com,John,john@carved.com
Yogasleep,yogasleep.com,Terry,terry@yogasleep.com
Gtracing,gtracing.com,Joe,joe@gtracing.com
Ttdeye,ttdeye.com,Lucy,lucy@ttdeye.com
Recovery For Athletes,recoveryforathletes.com,Aron,aron@recoveryforathletes.com
Stitch Golf,stitchgolf.com,Charlie,cb@stitchgolf.com
LeatherUp.com,leatherup.com,Aaron,aaron@leatherup.com
Dame Products,dameproducts.com,Alexandra,alex@dameproducts.com
Groundwork Coffee,groundworkcoffee.com,Eddy,eddy.cola@groundworkcoffee.com
EVLsports,evlnutrition.com,Mike,mike@evlnutrition.com
Valley Food,valleyfoodstorage.com,James,james@valleyfoodstorage.com
Yumi Kim,yumikim.com,Kim,kim@yumikim.com
Kantha Bae,kanthabae.com,Krista,krista@kanthabae.com
Easy Roller Dice,easyrollerdice.com,Ryan,ryan@easyrollerdice.com
Rudy Project North America,rudyprojectna.com,Brian,brian@rudyprojectusa.com
Boots N Bags Heaven,bootsnbagsheaven.com,Andrea,Andrea@bootsnbagsheaven.com
FantasyJocks,fantasyjocks.com,Dustin,dustin@fantasyjocks.com
PlanetBox,planetbox.com,Steven,sneff@planetbox.com
Sabai Design,sabai.design,Phantila,phantila@sabai.design
Distil Union,distilunion.com,Lindsay,lindsay@distilunion.com
Levitating Moon,levitatingmoon.com,Brock,Brock@levitatingmoon.com
Savannah Sevens,savannahsevens.com,Ryley,ryley@savannahsevens.com
Knifewear,knifewear.com,Ellie,ellie@knifewear.com
Merica Clothing,mericaclothing.com,David,david@mericaclothing.com
Renee's Garden Seeds,reneesgarden.com,Renee,renee@reneesgarden.com
John Masters Organics,johnmasters.com,John,john.hamilton@johnmasters.com
Selkie,selkiecollection.com,Kimberley,kim@selkiecollection.com
Think Crucial,thinkcrucial.com,Chad,chad@thinkcrucial.com
Koffee Kult Coffee Roasters,koffeekult.com,Jamie,jamie@koffeekult.com
wagwear,wagwear.com,Amy,amy@wagwear.com
Wish Atlanta,wishatl.com,Lauren,lauren@wishatl.com
Wüfers,wufers.com,Charles,charles@wufers.com
KommandoStore,kommandostore.com,Basil,basil@kommandostore.com
Thomas & Thomas Fly Fishing,thomasandthomas.com,Neville,neville.orsmond@thomasandthomas.com
Sleeplay,sleeplay.com,Aaron,aaron.fuhrman@sleeplay.com
Natural Force,naturalforce.com,Justin,jquinn@naturalforce.com
Pure Hemp CBD,purehempshop.com,Anne,anne@purehempshop.com
Flock Chicken Chips,flockfoods.com,Alex,alex@flockfoods.com
Raw Nutrition,getrawnutrition.com,Kairi,kairi@getrawnutrition.com
Survival Clothing & Footwear,survivalmiami.com,Greg,greg@survivalmiami.com
Golden Designs,goldendesigninc.com,David,david@goldendesignsinc.com
Project Repat,projectrepat.com,Nathan,nathan@projectrepat.com
Last Crumb,lastcrumb.com,Matthew,matthewjung@lastcrumb.com
Norlan,norlanglass.com,Shane,shane@norlanglass.com
GetGood Drums,getgooddrums.com,Joe,joe@getgooddrums.com
Storq,storq.com,Courtney,courtney@storq.com
Sprinkler Supply Store,sprinklersupplystore.com,Andy,andy@supplystorebrands.com
Karl Kani,karlkani.com,Karl,karlkani@karlkani.com
Yumwoof Natural Pet Food,yumwoof.com,Yo,yo@yumwoof.com
Luca + Grae,lucaandgrae.com,Sascha,sascha@lucaandgrae.com
MFJ Enterprises,mfjenterprises.com,Martin,mfjue@mfjenterprises.com
Maileg,mailegusa.com,Maileg,maileg@mailegusa.com
Tame the Beast,getbeast.com,There,beast@getbeast.com
Aprch Beverage Co.,drinkaprch.com,Ben,benc@drinkaprch.com
Boys Lie,boyslieofficial.com,Tori,tori@boyslieofficial.com
WEN Products,wenproducts.com,Ray,ray@wenproducts.com
Alps & Meters,alpsandmeters.com,Louis,louis@alpsandmeters.com
Boma Jewelery,bomajewelry.com,Suzanne,suzanne@bomajewelry.com
Fourlaps,fourlaps.com,Daniel,dshapiro@fourlaps.com
Smartass & Sass,smartassandsass.com,Kim,kim@smartassandsass.com
Snag Tights,snagtights.us,Prema,prema@snagtights.com
Sketch & Etch Creative,sketchandetch.co,Ash,ashbent@sketchandetch.com.au
Pacsafe,int.pacsafe.com,Marcus,mjohnsson@pacsafe.com
Misfits Health,misfits.health,Tara,tara@misfits.health
Earth pak,earthpak.com,Scott,scott@earthpak.com
Brother Vellies,brothervellies.com,Aurora,aurora@brothervellies.com
Rosie Huntington-Whiteley,roseinc.com,Raygeine,raygeine@roseinc.com
Kiioslife,kiitoslife.com,Josie,josie@kiitoslife.com
Grateful Apparel,gratefulapparel.com,Raymond,raymond@gratefulapparel.com
Madson,madsonofamerica.com,Tony,tony@madsonofamerica.com
Bulk Beef Jerky,bulkbeefjerky.com,Pete,pete@bulkbeefjerky.com
GoBros,gobros.com,Michael,michael@gobros.com
ORTTU,orttu.com,Dario,dario@orttu.com
GK - Gymnastics,gkelite.com,Girisha,gchandraraj@gkelite.com
Fitglow Beauty,fitglowbeauty.com,Anna,anna@fitglowbeauty.com
Touch Boutique,touchdolls.com,Marvin,marvin@touchdolls.com
xCraft UAV,xcraft.io,Jd,jd@xcraft.io
Anna Sheffield,annasheffield.com,Barbara,barbara@annasheffield.com
FeetUp,feetup.com,Rares,rares@feetup.com
Alessandra Rich,alessandrarich.com,Steven,steven@alessandrarich.com
Buddha Pants,buddhapants.com,Rachel,rachel@buddhapants.com
Lola Dre,loladre.com,Lorry,lorry@loladre.com
Contractor Training Center,contractortrainingcenter.com,Clayton,clayton.turner@contractortrainingcenter.com
InchBug,inchbug.com,Frances,frances@inchbug.com
Ella+Mila,ellamila.com,Ara,ara@ellamila.com
Galactic Toys,galactictoys.com,Jeff,jeff@galactictoys.com
Alexis Bittar,alexisbittar.com,Jessica,jessica.steele@alexisbittar.com
Cotton Citizen,cottoncitizen.com,Adam,adam@cottoncitizen.com
Creepy,creepycompany.com,Susanne,susanne@creepycompany.com
Semiexact,semiexact.com,Elton,elton@semiexact.com
HauteFlair,hauteflair.com,Chris,chris.ibe@hauteflair.com
Z2 Comics,z2comics.com,Josh,jfrankel@z2comics.com
AnaOno,anaono.com,Dana,dd@anaono.com
Ellie & Mac,ellieandmac.com,Lindsey,lindsey@ellieandmac.com
AmourPrints,amourprints.com,Kristie,kirstie@amourprints.com
NeeSees Dresses,neeseesdresses.com,Denise,denise@neeseesdresses.com
Kikkerland Design,kikkerland.com,Jan,jan@kikkerland.com
Ink + Volt,inkandvolt.com,Garrett,garrett@inkandvolt.com
Vssl,vsslgear.com,Todd,todd@vsslgear.com
Usamm,usamm.com,Jared,jared@usamm.com
Mainland Skate & Surf,mainlandskateandsurf.com,Ryan,ryan@mainlandskateandsurf.com
VoroMotors,voromotors.com,Lucas,lucas@voromotors.com
Evolution Nutrition,evlnutrition,Charles,charles@evlnutrition.com
D8,d8.co/,Katerina,katerina.kartashevich@d8corporation.com
Angel Watch,angelwatchco.com,Alexander,alex@angelwatchco.com
Alexis,shopalexis.com,Jonathan,jonathan@shop-alexis.com
Whipr,whipr.com,Luke,luke@whipr.com
Steel Panther,steelpantherrocks.com,Andrea,andrea@steelpantherrocks.com
Wusthof - USA,wusthof.com,Bjorn,b.kirsten@wuesthof.de
CellCore Biosciences Practitioner Group,cellcore.com,Michael,michael.wood@cellcorebiosciences.com
Monsterbass,monsterbass.com,Rick,rick@monsterbass.com
Brytn Smile,brytnsmile.com,Spencer,spencer@brytnsmile.com
TunerCult,tunercult.com,Tina,tina@tunercult.com
Jude Connally,judeconnally.com,Jude,jude@judeconnally.com
The Bruery,thebruery.com,Patrick,patrick@thebruery.com
MindBody Matrix,mindbodymatrix.com,James,james@mindbodymatrix.com
Poncho,ponchooutdoors.com,Clay,clay@ponchooutdoors.com
LandAirSea Systems,landairsea.com,Rick,rick.wagner@landairsea.com
Red Bay Coffee,redbaycoffee.com,Keba,keba@redbaycoffee.com
It's Delish,itsdelish.com,Moshe,moshe@itsdelish.com
The Natural Baby Company,thenaturalbabyco.com,Kim,kim@thenaturalbabyco.com
ModShop,modshop1.com,John,john@modshop1.com
Aprés Nail,apresnail.com,Carol,carol@apresnail.com
Ultracor,ultracor.com,Asha,asha@ultracor.com
The Arrivals NYC,thearrivals.com,Jeff,jeff@thearrivals.com
Plush Paws Products,plushpawsproducts.com,Laura,lwatts@plushpawsproducts.com
Conscious Step,consciousstep.com,Prashant,prashant@consciousstep.com
Aseir Custom,aseircustom.com,Jay,jay@aseircustom.com
Elemental Knives,elementalknives.com,Andy,andy@elementalknives.com
King Of Christmas,kingofchristmas.com,Lindsey,lindsey@kingofchristmas.com
Boomer Naturals,boomernaturals.com,Russell,russell@boomernaturals.com
Silentmode,silentmode.com,Jens,jens@silentmode.com
Period Correct,periodcorrect.com,Bryan,bryan@periodcorrect.com
Parker House Furniture,parker-house.com,Chris,chris@parker-house.com
Madluvv Brows,madluvv.com,Justin,jt@madluvv.com
ArcadeShock,arcadeshock.com,Vinh,vinh@arcadeshock.com
Dorsal Bracelets,dorsalbracelets.com,Chad,chad@dorsalbracelets.com
Ranger Station,rangerstation.co,Steve,steve@rangerstation.co
Gazelle Sports,gazellesports.com,Jen,jbrummitt@gazellesports.com
Streaker Sports,streakersports.com,Grant,grant@streakersports.com
Stax,stax.com.au,Don,don@stax.com.au
Nutrient Survival,nutrientsurvival.com,Eric,eric@nutrientsurvival.com
Biltwell,biltwellinc.com,Bill,bill@biltwellinc.com
Vertiball,vertiball.com,Aaron,aaron@vertiball.com
Primal Life Organics,primallifeorganics.com,Trina,trina@primallifeorganics.com
Sugarlips,sugarlips.com,Jackie,jackie@sugarlips.com
Kocostarusa,kocostarusa.com,Esther,esther@kocostarusa.com
Atmo,atmotube.com,Vera,vera@atmotube.com
Nutcase Helmets,nutcasehelmets.com,Bill,bill@nutcasehelmets.com
Axiology,axiologybeauty.com,Ericka,ericka@axiologybeauty.com
Phil Zen Design,philzen.com,Philippe,phil@philzen.com
Exhibition A,exhibitiona.com,Laura,laura@exhibitiona.com
Infotainment.com,infotainment.com,Joel,joel@infotainment.com
Serious Steel Fitness,serioussteel.com,Justin,justin@serioussteel.com
Herbspro.com,herbspro.com,Ashish,ashish@herbspro.com
Marley's Monsters,marleysmonsters.com,Sarah,sarah@marleysmonsters.com
Nadri,nadri.com,Sei,sjchoi@nadri.com
Wilde Brands,wildebrands.com,Jason,jason.wright@wildebrands.com
Greenlight Surf Supply,greenlightsurfsupply.com,Matt,matt@greenlightsurfsupply.com
Lash Affair,lashaffair.com,Paul,paul@lashaffair.com
The Vvivid Shop,vvividshop.com,Mike,mike@vvividshop.com
Labucq,labucq.com,Lauren,lauren@labucq.com
Neff,neffheadwear.com,Shaun,shaun@neffheadwear.com
Everyday California,everydaycalifornia.com,Mike,mike@everydaycalifornia.com
BauBax,baubax.com,Hiral,hiral@baubax.com
Roots Of Fight,rootsoffight.com,Jesse,jesse@rootsoffight.com
Ferry-Morse Home Gardening,ferrymorse.com,Chasity,chasity@ferrymorse.com
AtmosFX,atmosfx.com,Peter,peter@atmosfx.com
Wheel Warehouse,wheelwarehouse.com,Chris,chris@wheelwarehouse.com
Moisture Love,moisturelove.com,Jeannell,jeannell@moisturelove.com
Mipod Vape,mipod.com,Dylan,dylan.walters@mipod.com
Maurie & Eve,maurieandeve.com,Maya,maya@maurieandeve.com
My Sauna World,mysaunaworld.com,Mike,mike@mysaunaworld.com
MJ Wholesale,mjwholesale.com,George,georgeabro@mjwholesale.com
Bellami Hair Pro,bellamiprofessional.com,Kerri,kerri.karalis@bellamiprofessional.com
Black Shark,fast-growing-trees.com,Adam,asmith@fastgrowingtrees.com
TASER Self-Defense,taser.com,Vishal,vdhir@taser.com
Sheet Music Now,sheetmusicnow.com,Kim,klorz@sheetmusicnow.com
Chan Luu,chanluu.com,Bryan,bdemaranville@chanluu.com
Capita Snowboarding,capitasnowboarding.com,Blue,blue@capitasnowboarding.com
totallee,totalleecase.com,Matt,matt@totalleecase.com
Blue Boheme,blueboheme.com,Beatrice,beatrice@blueboheme.com
Magnus Home Products,magnushomeproducts.com,Dave,dave.k@magnushomeproducts.com
Furniture Fair,furniturefair.net,Ed,ehartman@furniturefair.net
Anna Sui,annasui.com,Bobby,b.sui@annasui.com
Gunas New York,gunasthebrand.com,Sugandh,sugandh@gunasthebrand.com
Janet Gwen Designs,janetgwendesigns.com,Janet,janet@janetgwendesigns.com
Smythe,shopsmythe.com,Alexandra,alexandra@shopsmythe.com
BabyEarth,babyearth.com,Steve,steve.raich@babyearth.com
Hype Flags,hypeflags.com,Ian,ian@hypeflags.com
Sobeyo,sobeyo.com,Tim,tim@sobeyo.com
Bkr,mybkr.com,Tal,tal@mybkr.com
Leno’s Garage,lenosgarage.com,Nick,nick@lenosgarage.com
DeRose Health,derosehealth.com,Sandy,sandy@derosehealth.com
Import Image Racing,importimageracing.com,Nathan,nate@importimageracing.com
Huppy,behuppy.com,David,david@behuppy.com
Wild Zora,wildzora.com,Joshua,josh@wildzora.com
Ulx,ulxstore.com,Oliur,oliur@ulx.com
Gus Modern,gusmodern.com,Anthony,anthony.santino@gusdesigngroup.com
Arianne Elmy,arianne-elmy.com,Arianne,arianne@arianne-elmy.com
Movieposters.com,movieposters.com,David,david@movieposter.com
SpiritHoods,spirithoods.com,Latif,latif@spirithoods.com
EzToned,eztoned.com,Jibran,jibran@eztoned.com
Aromatics International,aromatics.com,Jaren,jaren@aromatics.com
Knack Bags,knackbags.com,Chad,chad@knackbags.com
American Duchess,americanduchess.com,Lauren,lauren@americanduchess.com
Gwynnie Bee,closet.gwynniebee.com,Ericka,ericka@gwynniebee.com
Groceries Apparel,groceriesapparel.com,Robert,rlohman@groceriesapparel.com
Jack & Winn Hat,jackandwinn.com,Jessica,jessica@jackandwinn.com
Naturelo,naturelo.com,Peter,peter@naturelo.com
Kimi Naturals,kiminaturals.com,Ian,ian@kiminaturals.com
BM Watch,bmwatch.com,Malik,malik@bmwatch.com
Saharacase.com,saharacase.com,Peter,peter@saharacase.com
Miaou,miaou.com,Alexia,alexia@miaou.com
Sin in Linen,sininlinen.com,Sandy,sandy@sininlinen.com
Bloom Nutrition,bloomnu.com,Greg,greg@bloomnu.com
Sourse,trysourse.com,Jenne,jenne@trysourse.com
Seychelles,seychellesfootwear.com,Brittanie,brittanie@seychellesfootwear.com
Farmacias Arrocha,arrocha.com,Nicolas,nicolas.vallarino@arrocha.com
Mosko Moto,moskomoto.com,Peter,peted@moskomoto.com
Samara Bags,samarabags.com,Salima,salima@samarabags.com
Habit Nest,habitnest.com,Mikey,mikey@habitnest.com
Primal Blueprint,primalblueprint.com,Mark,mark@primalblueprint.com
Hoist Fitness,hoistfitness.com,Jeff,jpartrick@hoistfitness.com
Mariemur,mariemur.com,Stashkou,stashkou@mariemur.com
Give Sunshine,givesunshine.com,Angela,angela@givesunshine.com
Realtakai,realtakai.com,Jay,jay@realtakai.com
Gorilla Fitness,gorillabow.com,Chris,chris@gorillabow.com
Hairvivi,hairvivi.com,Claire,claire@hairvivi.com
Wotofo,wotofo.com,Archer,archer@wotofo.com
Sofary Lighting,sofary.com,Jay,jay.lu@sofary.com
Backpacker's Pantry,backpackerspantry.com,Tim,tim@backpackerspantry.com
Heretic Parfum,hereticparfum.com,Corinne,corinne@hereticparfum.com
7E Myolift,7ewellness.com,Lizzy,lizzy@7efitspa.com
Fitueyes,fitueyes.com,Jack,jack@fitueyes.com
Electric Family,electricfamily.com,Drew,drew@electricfamily.com
Save Khaki United,savekhaki.com,David,david@savekhaki.com
Joyfolie,joyfolie.com,Alexia,alexia.barreiro@joyfolie.com
Bronze Snake Shop,bronzesnake.com,David,david@bronzesnake.com
Lane 201 Boutique,lane201.com,Eric,eric@lane201.com
Kevin Francis Design,kevinfrancisdesign.com,Kevin,kevin@kevinfrancisdesign.com
Eco Fishing Shop,ecofishingshop.com,Jared,jared@ecofishingshop.com
Fresh Sends,freshsends.com,Jesse,jesse@freshsends.com
Peace Love and Happiness Club,peaceloveandhappiness.club,Thomas,thomas@peaceloveandhappiness.club
L.A. Girl Cosmetics,lagirlusa.com,Jessica,jtondre@lagirlusa.com
Leo's Paw,leospaw.com,Marianne,marianne@leospaw.com
Pink Desert,thepinkdesert.com,Darci,darci@thepinkdesert.com
Shieldfolio,shieldfolio.com,Freddy,freddy@shieldfolio.com
Looma,loomahome.com,Denver,denver@loomahome.com
Wolf Tooth Components,wolftoothcomponents.com,Brendan,brendan@wolftoothcomponents.com
Playingcarddecks.com,playingcarddecks.com,Will,will@playingcarddecks.com
Stash Tea,stashtea.com,Alaina,alaina@stashtea.com
SkinnyDipped,skinnydipped.com,Breezy,breezy@skinnydipped.com
Food Huggers,foodhuggers.com,Adrienne,adrienne@foodhuggers.com
BoomBoom,boomboomnaturals.com,John,john@boomboomnaturals.com
Himalaya Wellness USA,himalayausa.com,Rafael,rafael.cervantes@himalayausa.com
Piper Finn,piperfinn.com,Joel,joel@piperfinn.com
Égard Watch Company,https://www.egardwatches.com/,Ilan,ilan@egardwatches.com
Beauty Creations,https://www.beautycreationscosmetics.com/,Dennessy,dennessy@beautycreationscosmetics.com
Kule,kule.com,Nikki,nikki@kule.com
Dom Mazzetti,dommerch.com,Dom,dom@dommerch.com
Social House,shopthesoho.com,Shawnna,shawnna@gamedaycouture.com
New Moon Beginnings,newmoonbeginnings.com,Rachel,rachel@newmoonbeginnings.com
SomniFix,somnifix.com,Nicholas,nicholas.michalak@somnifix.com
What Waist,whatwaist.com,Erin,erin@whatwaist.com
FEEL22.com,feel22.com,Maurice,maurice@feel22.com
Love Fitness Apparel,lovefitnessapparel.com,Crystal,crystal@lovefitnessapparel.com
J skis,jskis.com,Jason,jason@jskis.com
Nasty Pig,store.nastypig.com,David,david@nastypig.com
Grant Stone,grantstoneshoes.com,Wyatt,wyatt@grantstoneboot.com
Sergio Tacchini,sergiotacchini.com,William,wjacques@sergiotacchini.com
Snobmobb,snoblife.com,Erin,erin@snoblife.com
Essentia - Natural Memory Foam Mattress,myessentia.com,Jack,jack@myessentia.com
Imperia Caviar,imperiacaviar.com,Travis,travis@imperiacaviar.com
Pet Pro Supply,petprosupplyco.com,Shrikha,shrikha@petprosupplyco.com
Grillscapes,grillscapes.com,Andy,andy@grillscapes.com
Nature Backs,shop.naturebacks.com,Thomas,thomas@naturebacks.com
STMtuned.com,stmtuned.com,Emery,emery@stmtuned.com
Guardian Bikes,guardianbikes.com,Brian,brian@guardianbikes.com
Betafpv,betafpv.com,Thea,thea@betafpv.com
Satchel & Page,satchel-page.com,Daniel,daniel@satchel-page.com
Wonderskin,wonderskin.com,Rahul,rahul@wonderskin.com
Senior.com,senior.com,Jeff,jdailey@senior.com
Pso-Rite,pso-rite.com,Mac,mac@pso-rite.com
Pso-RiteMineral Fusion,mineralfusion.com,Sebastian,sebastian@mineralfusion.com
Wholesale Ninjas,wholesaleninjas.com,Charles,charles@wholesaleninjas.com
LagunamoonOfficial,lagunamoon.com,Muriel,muriel@lagunamoon.com
Scosha,scosha.com,Scosha,scosha@scosha.com
Giantoy,giantoy.com,Amelia,amelia@giantoy.com
Playa,playabeauty.com,Shelby,shelby@playabeauty.com
STL Tones,stltones.com,Sonny,sonny@stltones.com
Revel Nail,revelnail.com,Phon,pmalone@revelnail.com
Relax Tax,relaxtax.com,Dennis,dennis@relaxtax.com
Galison,galison.com,Bill,bmiller@galison.com
Sunsoil,sunsoil.com,Sarah,sgibson@sunsoil.com
Boxraw,boxraw.com,Ben,ben@boxraw.com
Needed,thisisneeded.com,Julie,julie@thisisneeded.com
Pigment,shoppigment.com,Chad,chad@shoppigment.com
Otaa,otaa.com,Fameez,fameez@otaa.com
Printfresh,printfresh.com,Leo,leo@printfresh.com
Easy to Grow Bulbs,easytogrowbulbs.com,Jim,jim@easytogrowbulbs.com
Beautyhabit,beautyhabit.com,Teresa,teresa@beautyhabit.com
J W Hulme,jwhulmeco.com,Olivia,ohillard@jwhulmeco.com
Mosaic Tile Outlet,mosaictileoutlet.com,Leonardo,lvillalobos@mosaictileoutlet.com
Healthy Spot,healthyspot.com,Andrew,andrew@healthyspot.com
Thistle Farms,thistlefarms.org,Hal,hal@thistlefarms.org
Dudley Stephens,dudley-stephens.com,Lauren,lauren@dudley-stephens.com
ForvrMood,forvrmood.com,Sequoia,sequoia@forvrmood.com
Magic Mind,magicmind.co,James,james@magicmind.co
Rooted,heyrooted.com,Ryan,ryan@heyrooted.com
My Outfit Online,myoutfitonline.com,Diego,diegopena@myoutfitonline.com
Crown Forever,crownforeverla.com,Grant,grant@crownforeverla.com
truecable,truecable.com,Jessica,jessica@truecable.com
Jelly Cases,jellycases.com,Mary,mary@jellycases.com
Steeped Coffee,steepedcoffee.com,Josh,josh@steepedcoffee.com
Greerchicago,greerchicago.com,Chandra,chandra@greerchicago.com
Tech21,tech21.com,Peter,peter.gifford@tech21.com
To Boot New York,toboot.com,Mike,mike@toboot.com
Tocca,tocca.com,Adriana,apeitl@tocca.com
JOJO'S Chocolate Bark,jojoschocolate.com,Sterling,sterling@jojoschocolate.com
TrophySmack,trophysmack.com,Matt,mattwalsh@trophysmack.com
Baloo Weighted Blankets,balooliving.com,Elizabeth,elizabeth@balooliving.com
Clean Beauty Collective,cleanbeauty.com,Gregory,gblack@cleanbeauty.com
FoxyBae Hair,foxybae.com,Alvin,alvin@foxybae.com
Timberdoodle Company,timberdoodle.com,Travis,travis@timberdoodle.com
Illenium,illenium.com,Mike,mike@illenium.com
Annke,annke.com,Alex,alex@annke.com
Ferko's Fine Jewelry,ferkosfinejewelry.com,Ferko,ferko@ferkosfinejewelry.com
Rhett and Link,mythical.com,Stevie,stevie@mythical.com
Orca,orcacoolers.com,Cliff,cliff@orcacoolers.com
Keep Nature Wild,keepnaturewild.com,Matt,matt@keepnaturewild.com
Onward Reserve,onwardreserve.com,Tj,tj@onwardreserve.com
Strong Coffee Company,strongcoffeecompany.com,Adam,adam@strongcoffeecompany.com
The Home T,thehomet.com,Ryan,ryan@thehomet.com
USA Gundam Store,usagundamstore.com,Adam,adam@usagundamstore.com
Orchard Skateshop,orchardshop.com,Armin,armin@orchardshop.com
Dean Safe,deansafe.com,John,jdean@deansafe.com
Fix My Blinds,fixmyblinds.com,Mikel,mikel@fixmyblinds.com
Guapi,guapi.ch,Alexis,alexis@guapi.com
Moon Cheese,mooncheese.com,Hung,hung@mooncheese.com
Duck Camp,duckcamp.com,Marshall,marshall@duckcamp.com
PNW Components,pnwcomponents.com,Aaron,aaron@pnwcomponents.com
Bangs Shoes,bangsshoes.com,Hannah,hannah@bangsshoes.com
Addaday.com,addaday.com,Hugh,hugh@addaday.com
NorthWood Distributing,northwoodcandlesupply.com,Brian,brian@northwoodcandlecompany.com
Oukitel Smartphone,oukitel.com,Mark,mark@oukitel.com
RawSpiceBar,rawspicebar.com,Uly,uly@rawspicebar.com
MatchaBar,matchabar.co,Graham,graham@matchabar.co
Winter Session,winter-session.com,Tanya,tanya@winter-session.com
Jewelry Outlet,jewelry-outlet.com,Joseph,joseph@jewelry-outlet.com
HastaMuerte Lifestyle,hastamuerte.com,Mars,mars@hastamuerte.com
Fusion CBD Products,fusioncbdproducts.com,Cindi,cindi@fusioncbdproducts.com
Beautyblender Philippines,beautyblender.com,Eric,eric.haydt@beautyblender.com
BaseBlocks,baseblocks.fit,Jason,jason@baseblocks.fit
Compartes Chocolate,compartes.com,Jonathan,jonathan@compartes.com
1Mission Nutrition,1missionnutrition.com,Ryan,ryan@1missionnutrition.com
Pond King,pondking.com,Priscilla,priscilla@pondking.com
Bailey Blue Clothing,baileyblueclothing.com,Shauna,shauna@baileyblueclothing.com
Mokuyobi,mokuyobi.com,Julie,julie@mokuyobi.com
Bern Helmets,bernhelmets.com,Dennis,dleedom@bernunlimited.com
Pistils Nursery,pistilsnursery.com,Megan,megan@pistilsnursery.com
Kevin's Natural Foods,kevinsnaturalfoods.com,Rachelle,racheller@kevinsnaturalfoods.com
Alexa Leigh,alexaleigh.com,Alexa,alexa@alexaleigh.com
Unrl,unrl.co,Michael,mj@unrl.co
Hoonigan,hoonigan.com,Brian,brian@hoonigan.com
World Wide Corals,worldwidecorals.com,Lou,lou@worldwidecorals.com
Epomaker,epomaker.com,Lyria,lyria@epomaker.com
Bravo Concealment Holsters,bravoconcealment.com,Rene,rene@bravoconcealment.com
MysteryVibe,world.mysteryvibe.com,Soumyadip,soumyadip@mysteryvibe.com
Navitas Organics,navitasorganics.com,Zach,zach@navitasorganics.com
Customcuff,customcuff.co,Simon,simon@customcuff.co
The Probar,theprobar.com,Jeff,jeff@theprobar.com
The Original PeachSkinSheets,peachskinsheets.com,Stephanie,stephanie@peachskinsheets.com
Little Adventures Dress Ups,littleadventures.com,Jenny,jenny@littleadventures.com
Incrediwear,incrediwear.com,Jackson,jcorley@incrediwear.com
2undr,2undr.com,Rocky,rocky@2undr.com
Boxed Water Is Better,boxedwaterisbetter.com,Daryn,daryn.kuipers@boxedwaterisbetter.com
Baltic Born,balticborn.com,Angela,angela@balticborn.com
type:A deodorant,typeadeodorant.com,Allison,allison@typeadeodorant.com
touchland,touchland.com,Andrea,andrea.lisbona@touchland.com
Explore Scientific USA,explorescientific.com,Scott,swr@explorescientific.com
Health Ranger Store,healthrangerstore.com,Ian,ian.l@healthrangerstore.com
Steven Alan,stevenalan.com,Steven,steven@stevenalan.com
GameSir,gamesir.hk,Helena,helena@gamesir.hk
ChipMonk Baking,chipmonkbaking.com,David,david@chipmonkbaking.com
Yummy Hair Extensions,yummyextensions.com,Yummie,yummieo@yummyextensions.com
Dropship For Sale,dropshipforsale.com,Myra,myra@dropshipforsale.com
TLF Apparel,tlfapparel.com,John,john.rafael@tlfapparel.com
Unwrapped Life,unwrappedlife.com,Arden,arden@unwrappedlife.com
Ororo Heated Apparel,ororowear.com,Mark,mark@ororowear.com
Carpe,mycarpe.com,David,david@carpelotion.com
One Ocean Beauty,oneoceanbeauty.com,Vivien,vivien@oneoceanbeauty.com
Premier Yarns,premieryarns.com,Anne,azavorskas@premieryarns.com
Hyperfavor.com,hyperfavor.com,Khanh,Khanh@hyperfavor.com
Socal Fresh,socalfresh.com,Lilly,lilly@socalfresh.com
BLVK,blvk.com,Raymond,raymond@blvk.com
8Greens,8greens.com,Dawn,dawn@8greens.com
Xplorer Maps,xplorermaps.com,Greg,greg@xplorermaps.com
A.K. Rikk's,akrikks.com,Jim,jim@akrikks.com
Outdoor Equipped,outdoorequipped.com,Chad,chad@outdoorequipped.com
Puriya,puriya.com,Michele,mburklund@puriya.com
Schiff Vitamins,schiffvitamins.com,Alan,alan.reed@schiffnutrition.com
The Little Bra Company,thelittlebracompany.com,Emily,emily@thelittlebracompany.com
The Happier Camper,happiercamper.com,Derek,derek@happiercamper.com
State Bags,statebags.com,Scot,scot@statebags.com
Kittenish,kittenish.com,Jessie,jessie@kittenish.com
Pipette Baby,pipettebaby.com,Taylor,tstanton@pipettebaby.com
Nation,nationltd.com,Jen,jen@nationltd.com
Rubio Monocoat USA,rubiomonocoatusa.com,Manny,manny@rubiomonocoatusa.com
Gear.com,gear.com,Colter,colter@gear.com
LiLash Beauty,lilash.com,Scott,swasserman@lilash.com
Kk Co,kkcostudio.com,Kara,kara@kkcostudio.com
côte&ciel,apac.coteetciel.com,Mehdi,mehdi.burlaud@coteetciel.com
Trainz.com,trainz.com,Scott,sgriggs@trainz.com
Mindzai,mindzai.com,Chris,chris@mindzai.com
Bentgo,bentgo.com,Josh,josh@bentgo.com
Tottini Kidswear,tottini.com,Melissa,melissa@tottini.com
Diamond Supply Co,diamondsupplyco.com,Geoffrey,geoffrey@diamondsupplyco.com
Snuggle Me Organic,snugglemeorganic.com,Mia,mia@snugglemeorganic.com
Maison Louis Marie,maisonlouismarie.com,Matthew,matthew@maisonlouismarie.com
Grow Fragrance,growfragrance.com,Daniel,dan@growfragrance.com
The Tea Spot,theteaspot.com,Maria,maria@theteaspot.com
Copper Pearl,copperpearl.com,Tyler,tyler@copperpearl.com
Clever Organizing Solutions,cleverorganizingsolutions.com,Jennifer,jennifer@cleverorganizingsolutions.com
Fink's Jewelers,finks.com,Matthew,matthew.fink@finks.com
Soundiron,soundiron.com,Soundiron,distribution@soundiron.com
Fanatik Bike Co.,fanatikbike.com,Mark,mark@fanatikbike.com
The Comfy,thecomfy.com,Brian,brian@thecomfy.com
SlideBelts,slidebelts.com,Brig,brig@slidebelts.com
RZ Mask,rzmask.com,Steve,storbenson@rzmask.com
Hudson Valley Seed Co.,hudsonvalleyseed.com,Isabel,isabel@hudsonvalleyseed.com
Pet Wellbeing,petwellbeing.com,Darcy,darcy@petwellbeing.com
Doughp,doughp.com,Kelsey,kelsey@doughp.com
Profound Co.,profoundco.com,Maria,maria@profoundco.com
Lori's Shoes,lorisshoes.com,Lynn,lynn@lorisshoes.com
Legend Bracelet,legendbracelet.com,Kev,kev@legendbracelet.com
Blue Wave Products,bluewaveproducts.com,William,bmace@bluewaveproducts.com
Legacy Billiards,legacybilliards.com,David,dbarry@legacybilliards.com
Wolfgang Man & Beast,wolfgangusa.com,Todd,toddf@wolfgangusa.com
Pure Enrichment,pureenrichment.com,Josh,josh@pureenrichment.com
Varley,varley.com,Ben,ben@varley.com
Lola + The Boys,lolaandtheboys.com,Irina,irina@lolaandtheboys.com
Binoid CBD,binoidcbd.com,Elan,elan@binoidcbd.com
Coway,cowaymega.com,Hongrae,hongraegim@cowaymega.com
Perfumania,perfumania.com,Brooke,brookec@perfumania.com
Herbal dynamics beauty,herbaldynamicsbeauty.com,Moe,moe@herbaldynamicsbeauty.com
Horus Watch Straps,horusstraps.com,David,david@horusstraps.com
Verlas,verlas.com,Nidhi,nidhi@verlas.com
Piper Lou Collection,piperloucollection.com,Piper,piper@piperloucollection.com
Onsen,onsentowel.com,Shane,shane@onsentowel.com
Gryph and Ivyrose,gryphandivyrose.com,Orion,orion@gryphandivyrose.com
Selkirk,selkirk.com,Mike,mike@selkirk.com
Slumber kins,slumberkins.com,Callie,callie@slumberkins.com
Twin six,twinsix.com,Ryan,ryan@twinsix.com
Aquatech Imaging Solutions,aquatech.net,Brian,brian@axisgo.com
Skinuva,skinuva.com,Josh,josh@skinuva.com
Performance Lab,performancelab.com,Steven,steven@performancelab.com
Phylrich,phylrich.com,Stuart,sleigh@phylrich.com
Light & Motion,lightandmotion.com,Daniel,demerson@lightandmotion.com
Groovy Groomsmen Gifts,groovygroomsmengifts.com,Chris,chris@groovygroomsmengifts.com
Baha Ranch Western Wear,baharanchwesternwear.com,Holly,holly@baharanchwesternwear.com
Boyds Philadelphia,boydsphila.com,Kent,kgushner@boydsphila.com
Hemlock,hemlockhatco.com,Anthony,anthony@hemlockhatco.com
Lion Country Supply,lcsupply.com,Michael,mcassatt@lcsupply.com
Njoie,njoie.com,Amy,amy.tong@njoie.com
Cure,curehydration.com,Lauren,lauren@curehydration.com
Angelus Direct,angelusdirect.com,Adrianna,aludi@angelusdirect.com
Skout's Honor,skoutshonor.com,Macon,macon@skoutshonor.com
Rustico,rustico.com,Isaac,isaac@rustico.com
Supply Me,supplyme.com,Michael,michael@tristro.com
Miel Oro,mieloro.com,Rosalinda,rosa@mieloro.com
Fuel Meals,fuelmeals.com,Chris,chris@fuelmeals.com
Rhude,rh-ude.com,Rhuigi,rhuigi@rh-ude.com
Clutch Nails,clutchnails.com,Alexandra,alexandra@clutchnails.com
Sydneys Closet,sydneyscloset.com,Phyllis,phyllis@sydneyscloset.com
Wagz,wagz.com,Samuel,sam@wagz.com
Stay,staywear.com,Shane,shane@staywear.com
Southern Fried Chics,southernfriedchics.com,Liz,liz@southernfriedchics.com
Fluidstance,fluidstance.com,Joel,jh@fluidstance.com
Mayhem Nation,mayhemnation.com,Dre,dre@mayhemnation.com
Victsing,victsing.com,Suzy,suzy@victsing.com
Color Cord Company,colorcord.com,Beau,beau@colorcord.com
KOR,korwater.com,Jessica,jessica@korwater.com
Crown Pro,crownbrush.com,Michael,michael@crownbrush.com
Woolino,woolino.com,Mimi,mimi@woolino.com
Fable,fablehome.co,Joe,joe@fablehome.co
Medi-Dyne,medi-dyne.com,Angela,angela@medi-dyne.com
Dugout Mugs,dugoutmugs.com,Randall,randall@dugoutmugs.com
Mashimarho,mashimarho.com,Sean,sean@mashimarho.com
Sock Smith,socksmith.com,Eric,eric@socksmith.com
Ronnie Coleman Signature Series,ronniecoleman.net,Brendan,brendan@ronniecoleman.net
Swanwick,swanwicksleep.com,Tristan,tristan@swanwicksleep.com
Producer Grind,producergrind.com,Cash,dylan@producergrind.com
Manssion,manssion.com,Torii,torii@manssion.com
Perfect Locks,perfectlocks.com,Priyanka,priyanka@perfectlocks.com
Joanna Vargas,joannavargas.com,Cesar,cesar@joannavargas.com
Vanguard,vanguardworld.com,Jay,jay.hathaway@vanguardworld.us
Rubber Stamps,rubberstamps.com,Shipment,shipmentconfirmation@rubberstamps.com
Pq,pqswim.com,Marisa,marisa@pqswim
Blind Barber,blindbarber.com,Adam,adam@blindbarber.com
League Outfitters,leagueoutfitters.com,Chad,chad@leagueoutfitters.com
Sassy Jones,shopsassyjones.com,Charis,charis.jones@shopsassyjones.com
Mozaico Art,mozaico.com,Jowanna,jnazzal@mozaico.com
20x200,20x200.com,Jen,jen@20x200.com
Kiara Sky Professional Nails,kiarasky.com,Janet,jruiz@kiarasky.com
Vital Pet Life,vitalpetlife.com,Kyle,kyle@vitalpetlife.com
Go Gently Nation,gogentlynation.com,Kristin,kristin@gogentlynation.com
Alaffia,alaffia.com,Lanaia,lanaia.edwards@alaffia.com
Elegatto,elegatto.com,Vladyslav,vv@elegatto.com
Medley,medleyhome.com,Travis,travis@medleyhome.com
Felina,felina.com,Robert,robg@felinausa.com
Nice Laundry,nicelaundry.com,Ricky,ricky@nicelaundry.com
Supernatural,supernatural.com,Suzy,suzy@supernatural.com
Hey Rowan,heyrowan.com,Louisa,louisa@heyrowan.com
Huron,usehuron.com,Matt,matt@usehuron.com
Schoolyard Snacks,schoolyardsnacks.com,Dylan,dylan@schoolyardsnacks.com
Bedsure Home,bedsurehome.com,George,george@bedsurehome.com
Waldo Vision,hiwaldo.com,Ashleigh,ashleigh@hiwaldo.com
Express Water,expresswater.com,Vigen,vigen@expresswater.com
Timoteo Studio,timoteo.net,Joel,joel@timoteo.net
Dose of Colors,doseofcolors.com,Allen,allen@doseofcolors.com
Mio,mioculture.com,Jaime,jsalm@mioculture.com
Beekeeper's Naturals,beekeepersnaturals.com,Carly,carly@beekeepersnaturals.com
Compass Coffee,compasscoffee.com,Michael,michael@compasscoffee.com
Rule One Proteins,ruleoneproteins.com,Brett,bbialek@ruleoneproteins.com
Beau Ties Ltd. of Vermont,beautiesltd.com,Greg,greg@beautiesltd.com
Integrated Engineering,performancebyie.com,Dave,dave@performancebyie.com
Walrus Oil,walrusoil.com,Dave,dave@walrusoil.com
Nini and Loli,niniandloli.com,Danny,dt@niniandloli.com
BlissLights,blisslights.com,Alan,alan@blisslights.com
Oru Kayak,orukayak.com,Ardy,ardy@orukayak.com
Bottleneck Gallery,bottleneckgallery.com,Joshua,josh@bottleneckgallery.com
Epoolsupply,epoolsupply.com,Kyle,kyle@epoolsupply.com
Good Clean Love,goodcleanlove.com,Mackie,mackie@goodcleanlove.com
Kids Atelier,kidsatelier.com,Rabee,rabee@kidsatelier.com
Annah Hariri,annahariri.com,Abdallah,a.alhariri@annahariri.com
Gear Aid,gearaid.com,Stan,smiller@gearaid.com
Lions Not Sheep,lionsnotsheep.com,Sean,sean@lionsnotsheep.com
Boba,boba.com,Daniel,daniel@boba.com
Stix,getstix.co,Cynthia,cynthia@getstix.co
Double Wood Supplements,doublewoodsupplements.com,Reese,reese@doublewoodsupplements.com
Lelet Ny,leletny.com,Sara,sara@leletny.com
Rabbit Air,rabbitair.com,Karrie,karriec@rabbitair.com
RetroSupply Co,retrosupply.co,Dustin,dustin@retrosupply.co
Truewerk,truewerk.com,Brian,brian@truewerk.com
Tombolo Company,tombolocompany.com,Chris,chris@tombolocompany.com
GearBunch,gearbunch.com,Dan,dan@gearbunch.com
Noobie Box,noobiebox.com,Renske,renske@noobiebox.com
Rockflowerpaper,rockflowerpaper.com,Katie,katie@rockflowerpaper.com
Keevo,keevowallet.com/#popup,Guangda,guangda@keevowallet.com
Billykirk,billykirk.com,Chris,chris@billykirk.com
IntimateRose,intimaterose.com,Aaron,aaron@intimaterose.com
The Office of Angela Scott,theofficeofangelascott.com,Angela,angela@theofficeofangelascott.com
SportStop.com,sportstop.com,Paul,paul@sportstop.com
FireFold,firefold.com,Christopher,christopher@firefold.com
Evelyn & Bobbie,evelynbobbie.com,Bree,bree@evelynbobbie.com
Bella Luna Toys,bellalunatoys.com,Sarah,sarah@bellalunatoys.com
Arcade Belts,arcadebelts.com,Tristan,tristan@arcadebelts.com
Whistling Kettle,thewhistlingkettle.com,Kevin,kevin@thewhistlingkettle.com
Drake Waterfowl Systems,drakewaterfowl.com,John,jwoodard@drakewaterfowl.com
Haro Bikes,harobikes.com,Joe,joeh@harobikes.com
Self-Care Is For Everyone,selfcareisforeveryone.com,Jonathan,jonathan@selfcarestation.com
Saint + Sofia,saintandsofia.com,Malcolm,msb@saintandsofia.com
The Castle Jewelry,thecastlejewelry.com,Barrett,barrett@thecastlejewelry.com
The Classic T-Shirt Company,theclassictshirt.com,Paul,paul@theclassictshirt.com
Deconovo,deconovo.com,Raymond,ryang@deconovo.com
DecoratorsBest,decoratorsbest.com,Barbara,bk@decoratorsbest.com
Moon Oral Care,moonoralcare.com,Shaun,shaunneff@moonoralcare.com
Salai,salaishop.com,Wahab,wsheikh@salaishop.com
Mister Zimi,misterzimi.com,Johanna,johanna@misterzimi.com
Jonathan Simkhai,jonathansimkhai.com,April,april@jonathansimkhai.com
Makartt,makartt.com,Sally,sally.chia@makartt.com
Jomar,jomarwholesale.com,Rachel,rachel@jomarwholesale.com
FarmBot,farm.bot,Rory,rory@farmbot.io
Sitka Salmon Shares,sitkasalmonshares.com,Marsh,marsh@sitkasalmonshares.com
National Roper's Supply,nrsworld.com,David,disham@nrsworld.com
DipYourCar.com,dipyourcar.com,Fonzie,fonzie@dipyourcar.com
Giti Online,gitionline.com,Kevin,kevin@gitionline.com
RMS Beauty,rmsbeauty.com,Rose-Marie,rose-marie@rmsbeauty.com
Rumi Spice,rumispice.com,Keith,keith@rumispice.com
AAO_Against All Odds,aao-usa.com,Kenny,kenny@aao-usa.com
FreshTrends Body Jewelry,freshtrends.com,Paul,pc@freshtrends.com
PSD Underwear,psdunderwear.com,Curt,curt@psdunderwear.com
GoodBuy Gear,goodbuygear.com,Kristin,kristin@goodbuygear.com
May Lindstrom Skin,maylindstrom.com,May,may@maylindstrom.com
Meze Audio,mezeaudio.com,Mircea,mircea@mezeaudio.com
Alabaster Co,alabasterco.com,Brian,brian@alabasterco.com
Vilros,vilros.com,Asher,asher@vilros.com
Hope's,shophopes.com,Kelsey,kelsey@shophopes.com
Danangofficial,danang.com,Betty,betty@danang.com
Trusted Tech Team,trustedtechteam.com,David,dlloyd@trustedtechteam.com
Healing Natural Oils,amoils.com,Ryan,ryan@amoils.com
5starhookah.com,5starhookah.com,Alex,alex@5starhookah.com
Blade City,blade-city.com,Chris,chris@blade-city.com
Yardbird,yardbird.com,Jay,jay@yardbird.com
Modern And Chic,modernandchicboutique.com,Dallin,dallin@modernandchicboutique.com
Truth Treatment Systems,truthtreatments.com,Kristen,kristen@truthtreatments.com
Green Gruff,greengruff.com,Glenn,glenn@greengruff.com
Snibbs,snibbs.co,Haik,haik@snibbs.co
Gooseberry Intimates,gooseberryintimates.com,Wreny,wreny@gooseberryintimates.com
Mansur Gavriel,mansurgavriel.com,Isabelle,isabelle@mansurgavriel.com
Medusa Distribution,medusadistribution.com,Danish,danish@medusadistribution.com
totes,totes.com,Samantha,samantha.sakemiller@totes.com
The Impeccable Pig,theimpeccablepig.com,Cameron,cameron@theimpeccablepig.com
Omigo,myomigo.com,Thomas,thomas@myomigo.com
Enjoy Life Foods,enjoylifefoods.com,Damon,djackson@enjoylifefoods.com
Helix,helix.com,Chad,chad.nicely@helix.com
Heath Ceramics,heathceramics.com,Catherine,cathy@heathceramics.com
ReVive Skincare,reviveskincare.com,Elana,elana.drellszyfer@reviveskincare.com
Apotheke,apothekeco.com,Chrissy,chrissy@apothekeco.com
LF Stores,lfstores.com,Steve,steve@lfstores.com
MessyWeekend,messyweekend.com,Mads,mkp@messyweekend.com
Corpus Naturals,corpusnaturals.com,Jean,jpmastey@corpusnaturals.com
Curl Bible,curlbible.com,Shiffon,shiffon@curlbible.com
B.Yellowtail,byellowtail.com,Bethany,bethany@byellowtail.com
SafeSleeve,safesleevecases.com,Cary,cary@safesleevecases.com
Cooks Venture,cooksventure.com,Matt,matt@cooksventure.com
Biena Snacks,bienasnacks.com,Poorvi,poorvi@bienafoods.com
I Love My Freedom,store.ilovemyfreedom.org,Jack,jack@ilovemyfreedom.org
Dae,daehair.com,Amber,amber@daehair.com
Tread Labs,treadlabs.com,Mark,mpaigen@treadlabs.com
Rahua,rahua.com,Fabian,fabian@rahua.com
Alya Skin Australia,alyaskin.com,James,james@alyaskin.com
Mollusk Surf Shop,mollusksurfshop.com,John,john@mollusksurfshop.com
Knife Depot,knife-depot.com,Tim,tim@knife-depot.com
Tealeaves,tealeaves.com,Lana,lana@tealeaves.com
Ghurka,ghurka.com,Lisa,lmorris@ghurka.com
Melt Cosmetics,meltcosmetics.com,Lora,lora@meltcosmetics.com
CordaRoy's,cordaroys.com,Byron,byron@cordaroys.com
Crooks & Castles,crooksncastles.com,Dc,dc@crooksncastles.com
La Ligne,lalignenyc.com,Molly,molly@lalignenyc.com
Spoonfuloneuk,spoonfulone.com,Marc,marc@spoonfulone.com
Bachan's,bachans.com,Justin,justin@bachans.com
Retro Modding,retromodding.com,Gary,gary@retromodding.com
Mosaic Foods,mosaicfoods.com,Matt,matt.davis@mosaicfoods.com
Fridababy,frida.com,Chelsea,chelsea@fridababy.com
Haleys Beauty,haleysbeauty.com,Ashley,ao@haleysbeauty.com
Retrofête,retrofete.com,David,david@retrofete.com
Blueskyvitamin.com,blueskyvitamin.com,Dustin,dustin@blueskyvitamin.com
Cultivate What Matters,cultivatewhatmatters.com,Lara,lara@cultivatewhatmatters.com
BLK & Bold,blkandbold.com,Pernell,pernell@blkandbold.com
Xtrema Ceramic Cookware,xtrema.com,Rich,rich@xtrema.com
My3dselfie,my3dselfie.com,Harsha,hdeka@my3dselfie.com
Catrice cosmetics,catricecosmetics.com,Lauren,lauren@catricecosmetics.com
Marissa Collections,marissacollections.com,Jade,jadejenkins@marissacollections.com
Tordney,tordney.com,Winky,winkychiu@tordney.com
Jonas Paul Eyewear,jonaspauleyewear.com,Ben,ben@jonaspauleyewear.com
Crazy Dog T-Shirts,crazydogtshirts.com,Jason,jason@crazydogtshirts.com
obVus Solutions LLC,obvus.me,Ken,ken@obvus.me
Bydee,us.bydeeaus.com,Mick,mick@bydeeaus.com
Gatorz Eyewear,gatorz.com,Heather,heatherr@gatorz.com
Boundary Supply,boundarysupply.com,Brandon,brandon@boundarysupply.com
Den Outdoors,denoutdoors.com,Mike,mike@denoutdoors.com
Mindy Mae's Market,mindymaesmarket.com,Courtney,courtney@mindymaesmarket.com
Hudson Grace,hudsongracesf.com,Monelle,monelle@hudsongracesf.com
Bixlers,bixlers.com,Perry,perry.sporn@bixlers.com
Wildflower Cases,wildflowercases.com,Michelle,michelle@wildflowercases.com
Raddish Kids,raddishkids.com,Samantha,samantha@raddishkids.com
MiaDonna,miadonna.com,Anna-Mieke,ama@miadonna.com
Helm Boots,helmboots.com,Joshua,joshua@helmboots.com
Clé Tile,cletile.com,Caroline,carolinec@cletile.com
Paint With Diamonds,paintwithdiamonds.com,Corey,corey@paintwithdiamonds.com
Wanderer Bracelets,wandererbracelets.com,Ben,ben@wandererbracelets.com
P.F. Candle Co,pfcandleco.com,Thomas,thomas@pfcandleco.com
Caden Lane,cadenlane.com,Katy,katy@cadenlane.com
Vapour Beauty,vapourbeauty.com,Krysia,krysia@vapourbeauty.com
RiseWell,risewell.com,John,john@risewell.com
Strolleria,strolleria.com,Drew,drew@strolleria.com
Advanced Mixology,advancedmixology.com,Randy,randy@advancedmixology.com
C4 Fabrication,c4fabrication.com,Caleb,caleb@c4fabrication.com
Dsptch,dsptch.com,Tiffany,tiffany@dsptch.com
LifeStraw,lifestraw.com,Eugenia,em@lifestraw.com
Net Zero Co,netzerocompany.com,Amy,amy@netzerocompany.com
MagBak,magbak.com,Alex,alex@magbak.com
Andalou Naturals,andalou.com,Ryan,ryan@andalou.com
Feetures,feetures.com,Jinnie,jinnieaustin@feetures.com
Crated with Love,cratedwithlove.com,Tyler,tyler@cratedwithlove.com
Discount Tackle,discounttackle.com,Michael,michael@discounttackle.com
Margot Elena,margotelena.com,Hardeep,havery@margotelena.com
Baby Gold,babygold.com,Helen,helen@babygold.com
Best Life Herbals,bestlife-herbals.com,Alison,alison@bestlifeherbals.com
Simple Modern,simplemodern.com,Mike,mike.beckham@simplemodern.com
Usual,usualwines.com,Collab,collab@usualwines.com
Infinite Body Piercing,infinitebody.com,James,james@infinitebody.com
Tailored,tailoredpet.com,Steve,steve.joyce@tailoredpet.com
Evolvetogether,evolvetogether.com,Cynthia,csakai@evolvetogether.com
Spirit Jersey,spiritjersey.com,Jake,jake@spiritjersey.com
Eve,evedevices.com,Kira,kira@evedevices.com
InnerVision Crystals,innervisioncrystals.net,Mike,mike@innervisioncrystals.net
SCS Unlimited,scsunlimited.com,Devin,devin@scsunlimited.com
Monica Rich Kosann,monicarichkosann.com,Rod,rod@monicarichkosann.com
American Hat Makers,americanhatmakers.com,Mike,mike@americanhatmakers.com
Campervan HQ,campervan-hq.com,Greg,gkeith@campervan-hq.com
Marida Jewelry,maridajewelry.com,Marida,marida@maridajewelry.com
iAllergy,iallergy.com,Joe,joe@iallergy.com
BMP Tuning,bmptuning.com,Autrey,autrey@bmptuning.com
KontrolFreek,kontrolfreek.com,Ashish,ashish@kontrolfreek.com
Maxfield,maxfieldla.com,Michael,michaelh@maxfieldla.com
Danish Design Store,danishdesignstore.com,Justin,justin@danishdesignstore.com
Homefield Apparel,homefieldapparel.com,Connor,connor@homefieldapparel.com
Londontown USA,londontownusa.com,Lenny,ldimentman@londontownusa.com
BuddyLove,buddylove.com,Aaron,aaron@buddylove.com
Bee's Wrap,beeswrap.com,Sarah,sarah@beeswrap.com
Goodee,goodeeworld.com,Byron,byron@goodeeworld.com
Lo & Sons,loandsons.com,Helen,helen@loandsons.com
Saint Jane Beauty,saintjanebeauty.com,Casey,casey@saintjanebeauty.com
Wholesale ATV,wholesaleatv.com,Casey,casey@wholesaleatv.com
Kavu,kavu.com,Barry,bbarr@kavu.com
The Alchemist's Kitchen,thealchemistskitchen.com,Jason,jason@thealchemistskitchen.com
Hanalei,hanaleicompany.com,Viraphanh,vsananikone@hanaleicompany.com
Borboleta Beauty,borboletabeauty.com,Steve,steve.jackson@borboletabeauty.co
WellBefore,wellbefore.com,Javier,javier@wellbefore.com
George and Willy,georgeandwilly.com,Will,will@georgeandwilly.com
Myster High-End Accessories,getmyster.com,Davis,davis@getmyster.com
CoutureCandy.com,couturecandy.com,France,france@couturecandy.com
Each and Every,eachandevery.com,Lauren,lauren@eachandevery.com
Dolan,shopdolan.com,Jodie,jodie@shopdolan.com
Kitsbow,kitsbow.com,David,david@kitsbow.com
Kewlioo,kewlioo.com,Jonathan,jonathan@kewlioo.com
RevAir,myrevair.com,Scott,scott@myrevair.com
Honolulu Fish Company,honolulufish.com,Wayne,wayne@honolulufish.com
Acta,actawear.com,Dayton,dayton@actawear.com
Love Your Melon,loveyourmelon.com,Brian,brian@loveyourmelon.com
Zurvita,zurvita.com,Mark,mjarvis@zurvita.com
Sunber Hair,sunberhair.com,Sunber,sunber@sunberhair.com
Bellami Hair,bellamihair.com,Julius,julius@bellamihair.com
Herbaly Tea,herbaly.com,Michael,mike@herbaly.com
Voluspa,voluspa.com,Troy,troy@voluspa.com
Kore Essentials,koreessentials.com,Karl,karl@koreessentials.com
Knickey,knickey.com,Cayla,cayla@knickey.com
Spiritual Gangster,spiritualgangster.com,Terry,terry@spiritualgangster.com
No.6 Store,no6store.com,Karin,karin@no6store.com
Chaser Brand,chaserbrand.com,Stephen,stephen@chaserbrand.com
Blackstone Labs,blackstonelabs.com,Howard,howard@blackstonelabs.com
Ulla Johnson,ullajohnson.com,Ulla,ulla@ullajohnson.com
VitaCup,vitacup.com,Brandon,brandon@vitacup.com
Sheertex,sheertex.com,Katherine,katherine@sheertex.com
Wanderlust + Co,wanderlustandco.com,Jenn,jenn@wanderlustandco.com
Fine Southern Gentlemen,finesoutherngentlemen.com,Justin,justin@finesoutherngentlemen.com
Branch Basics,branchbasics.com,Kelly,kelly@branchbasics.com
Edward & Sons Trading Company,store.edwardandsons.com,Russell,russell@edwardandsons.com
Argent,argentwork.com,Mary,mary@argentwork.com
Infinite Objects,infiniteobjects.com,Joe,joe@infiniteobjects.com
Amour Vert,amourvert.com,Lindsey,lindsey@amourvert.com
Brooklyn Kayak Company,brooklynkayakcompany.com,Isaac,isaac@bkkayaks.com
Built USA,builtusa.com,Neal,neal@builtusa.com
Bug Bite Thing,bugbitething.com,Kelley,kelley@bugbitething.com
Wildgrain,wildgrain.com,Ismail,ismail@wildgrain.com
BlueSwitch,blueswitch.com,Alex,alex@blueswitch.com
Bananas At Large,bananas.com,Joey,joey.s@bananas.com
Cubcoats,cubcoats.com,Zac,zac@cubcoats.com
Guava Family,guavafamily.com,Scott,scott@guavafamily.com
shopproof,shopproof.com,Kari,kari@shopproof.com
2(X)IST,2xist.com,Ralph,ralphb@2xist.com
Makeup Geek,makeupgeek.com,Marlena,marlena@makeupgeek.com
Dphue,dphue.com,Martin,martin@dphue.com
Alice + Whittles,aliceandwhittles.com,Sofi,sofi@aliceandwhittles.com
Inktuitive,inktuitive.com,Ilia,ilia@inktuitive.com
First Manufacturing Co,firstmfg.com,Jorge,jorgee@firstmfg.com
Oscar Mike,oscarmike.org,Noah,noah@oscarmike.org
Alleyoop,meetalleyoop.com,David,david@meetalleyoop.com
BluMaan,blumaan.com,Colin,colin@blumaan.com
Marea,mareawellness.com,Monica,monica@mareawellness.com
France Luxe,franceluxe.com,Marit,marits@franceluxe.com
Marchesa,marchesa.com,Edward,echapman@marchesa.com
Left On Friday,leftonfriday.com,Laura,laura@leftonfriday.com
Blue in Green Soho NYC,blueingreensoho.com,Gordon,gordonheffner@blueingreensoho.com
SensaCalm,sensacalm.com,Donna,donna@sensacalm.com
Amsale,amsale.com,Neil,neil@amsale.com
Offhours,offhours.co,Rebecca,rebecca@offhours.co
